Genre,Year,Month,Movies
Genre_ Drama,2005,1,0
Genre_ Drama,2005,2,0
Genre_ Drama,2005,3,0
Genre_ Drama,2005,4,0
Genre_ Drama,2005,5,0
Genre_ Drama,2005,6,0
Genre_ Drama,2005,7,0
Genre_ Drama,2005,8,0
Genre_ Drama,2005,9,0
Genre_ Drama,2005,10,0
Genre_ Drama,2005,11,0
Genre_ Drama,2005,12,0
Genre_ Drama,2006,1,0
Genre_ Drama,2006,2,0
Genre_ Drama,2006,3,0
Genre_ Drama,2006,4,0
Genre_ Drama,2006,5,0
Genre_ Drama,2006,6,0
Genre_ Drama,2006,7,0
Genre_ Drama,2006,8,0
Genre_ Drama,2006,9,0
Genre_ Drama,2006,10,0
Genre_ Drama,2006,11,0
Genre_ Drama,2006,12,0
Genre_ Drama,2007,1,0
Genre_ Drama,2007,2,0
Genre_ Drama,2007,3,0
Genre_ Drama,2007,4,0
Genre_ Drama,2007,5,0
Genre_ Drama,2007,6,0
Genre_ Drama,2007,7,0
Genre_ Drama,2007,8,0
Genre_ Drama,2007,9,0
Genre_ Drama,2007,10,0
Genre_ Drama,2007,11,0
Genre_ Drama,2007,12,0
Genre_ Drama,2008,1,0
Genre_ Drama,2008,2,0
Genre_ Drama,2008,3,0
Genre_ Drama,2008,4,0
Genre_ Drama,2008,5,0
Genre_ Drama,2008,6,0
Genre_ Drama,2008,7,0
Genre_ Drama,2008,8,0
Genre_ Drama,2008,9,0
Genre_ Drama,2008,10,0
Genre_ Drama,2008,11,0
Genre_ Drama,2008,12,0
Genre_ Drama,2009,1,0
Genre_ Drama,2009,2,0
Genre_ Drama,2009,3,0
Genre_ Drama,2009,4,0
Genre_ Drama,2009,5,0
Genre_ Drama,2009,6,0
Genre_ Drama,2009,7,0
Genre_ Drama,2009,8,0
Genre_ Drama,2009,9,1
Genre_ Drama,2009,10,5
Genre_ Drama,2009,11,4
Genre_ Drama,2009,12,4
Genre_ Drama,2010,1,5
Genre_ Drama,2010,2,4
Genre_ Drama,2010,3,2
Genre_ Drama,2010,4,0
Genre_ Drama,2010,5,0
Genre_ Drama,2010,6,0
Genre_ Drama,2010,7,0
Genre_ Drama,2010,8,0
Genre_ Drama,2010,9,0
Genre_ Drama,2010,10,0
Genre_ Drama,2010,11,0
Genre_ Drama,2010,12,0
Genre_ Drama,2011,1,0
Genre_ Drama,2011,2,0
Genre_ Drama,2011,3,0
Genre_ Drama,2011,4,0
Genre_ Drama,2011,5,0
Genre_ Drama,2011,6,0
Genre_ Drama,2011,7,0
Genre_ Drama,2011,8,0
Genre_ Drama,2011,9,0
Genre_ Drama,2011,10,0
Genre_ Drama,2011,11,0
Genre_ Drama,2011,12,0
Genre_ Drama,2012,1,0
Genre_ Drama,2012,2,0
Genre_ Drama,2012,3,0
Genre_ Drama,2012,4,0
Genre_ Drama,2012,5,0
Genre_ Drama,2012,6,0
Genre_ Drama,2012,7,0
Genre_ Drama,2012,8,0
Genre_ Drama,2012,9,0
Genre_ Drama,2012,10,0
Genre_ Drama,2012,11,0
Genre_ Drama,2012,12,0
Genre_ Drama,2013,1,0
Genre_ Drama,2013,2,0
Genre_ Drama,2013,3,0
Genre_ Drama,2013,4,0
Genre_ Drama,2013,5,0
Genre_ Drama,2013,6,0
Genre_ Drama,2013,7,0
Genre_ Drama,2013,8,0
Genre_ Drama,2013,9,0
Genre_ Drama,2013,10,0
Genre_ Drama,2013,11,0
Genre_ Drama,2013,12,0
Genre_ Drama,2014,1,0
Genre_ Drama,2014,2,0
Genre_ Drama,2014,3,0
Genre_ Drama,2014,4,0
Genre_ Drama,2014,5,0
Genre_ Drama,2014,6,0
Genre_ Drama,2014,7,0
Genre_ Drama,2014,8,0
Genre_ Drama,2014,9,0
Genre_ Drama,2014,10,0
Genre_ Drama,2014,11,0
Genre_ Drama,2014,12,0
Genre_ Drama,2015,1,0
Genre_ Drama,2015,2,0
Genre_ Drama,2015,3,0
Genre_ Drama,2015,4,0
Genre_ Drama,2015,5,0
Genre_ Drama,2015,6,0
Genre_ Drama,2015,7,0
Genre_ Drama,2015,8,0
Genre_ Drama,2015,9,0
Genre_ Drama,2015,10,0
Genre_ Drama,2015,11,0
Genre_ Drama,2015,12,0
Genre_ Drama,2016,1,0
Genre_ Drama,2016,2,0
Genre_ Drama,2016,3,0
Genre_ Drama,2016,4,0
Genre_ Drama,2016,5,0
Genre_ Drama,2016,6,0
Genre_ Drama,2016,7,0
Genre_ Drama,2016,8,0
Genre_ Drama,2016,9,0
Genre_ Drama,2016,10,0
Genre_ Drama,2016,11,0
Genre_ Drama,2016,12,0
Genre_ Drama,2017,1,0
Genre_ Drama,2017,2,0
Genre_ Drama,2017,3,0
Genre_ Drama,2017,4,0
Genre_ Drama,2017,5,0
Genre_ Drama,2017,6,0
Genre_ Drama,2017,7,0
Genre_ Drama,2017,8,0
Genre_ Drama,2017,9,0
Genre_ Drama,2017,10,0
Genre_ Drama,2017,11,0
Genre_ Drama,2017,12,0
Genre_Action,2005,1,0
Genre_Action,2005,2,0
Genre_Action,2005,3,0
Genre_Action,2005,4,0
Genre_Action,2005,5,0
Genre_Action,2005,6,0
Genre_Action,2005,7,0
Genre_Action,2005,8,0
Genre_Action,2005,9,0
Genre_Action,2005,10,0
Genre_Action,2005,11,0
Genre_Action,2005,12,0
Genre_Action,2006,1,3
Genre_Action,2006,2,4
Genre_Action,2006,3,10
Genre_Action,2006,4,15
Genre_Action,2006,5,23
Genre_Action,2006,6,37
Genre_Action,2006,7,27
Genre_Action,2006,8,24
Genre_Action,2006,9,29
Genre_Action,2006,10,25
Genre_Action,2006,11,17
Genre_Action,2006,12,18
Genre_Action,2007,1,17
Genre_Action,2007,2,24
Genre_Action,2007,3,29
Genre_Action,2007,4,25
Genre_Action,2007,5,28
Genre_Action,2007,6,34
Genre_Action,2007,7,23
Genre_Action,2007,8,23
Genre_Action,2007,9,18
Genre_Action,2007,10,16
Genre_Action,2007,11,14
Genre_Action,2007,12,22
Genre_Action,2008,1,27
Genre_Action,2008,2,30
Genre_Action,2008,3,29
Genre_Action,2008,4,34
Genre_Action,2008,5,58
Genre_Action,2008,6,56
Genre_Action,2008,7,54
Genre_Action,2008,8,80
Genre_Action,2008,9,55
Genre_Action,2008,10,40
Genre_Action,2008,11,26
Genre_Action,2008,12,27
Genre_Action,2009,1,21
Genre_Action,2009,2,19
Genre_Action,2009,3,22
Genre_Action,2009,4,25
Genre_Action,2009,5,34
Genre_Action,2009,6,25
Genre_Action,2009,7,31
Genre_Action,2009,8,28
Genre_Action,2009,9,25
Genre_Action,2009,10,20
Genre_Action,2009,11,13
Genre_Action,2009,12,16
Genre_Action,2010,1,22
Genre_Action,2010,2,26
Genre_Action,2010,3,31
Genre_Action,2010,4,51
Genre_Action,2010,5,47
Genre_Action,2010,6,59
Genre_Action,2010,7,79
Genre_Action,2010,8,53
Genre_Action,2010,9,53
Genre_Action,2010,10,49
Genre_Action,2010,11,30
Genre_Action,2010,12,39
Genre_Action,2011,1,33
Genre_Action,2011,2,31
Genre_Action,2011,3,33
Genre_Action,2011,4,44
Genre_Action,2011,5,37
Genre_Action,2011,6,36
Genre_Action,2011,7,49
Genre_Action,2011,8,40
Genre_Action,2011,9,55
Genre_Action,2011,10,34
Genre_Action,2011,11,30
Genre_Action,2011,12,44
Genre_Action,2012,1,37
Genre_Action,2012,2,37
Genre_Action,2012,3,37
Genre_Action,2012,4,33
Genre_Action,2012,5,37
Genre_Action,2012,6,49
Genre_Action,2012,7,35
Genre_Action,2012,8,51
Genre_Action,2012,9,45
Genre_Action,2012,10,37
Genre_Action,2012,11,32
Genre_Action,2012,12,21
Genre_Action,2013,1,18
Genre_Action,2013,2,28
Genre_Action,2013,3,39
Genre_Action,2013,4,40
Genre_Action,2013,5,78
Genre_Action,2013,6,72
Genre_Action,2013,7,72
Genre_Action,2013,8,89
Genre_Action,2013,9,61
Genre_Action,2013,10,44
Genre_Action,2013,11,46
Genre_Action,2013,12,41
Genre_Action,2014,1,66
Genre_Action,2014,2,60
Genre_Action,2014,3,65
Genre_Action,2014,4,63
Genre_Action,2014,5,80
Genre_Action,2014,6,70
Genre_Action,2014,7,70
Genre_Action,2014,8,95
Genre_Action,2014,9,71
Genre_Action,2014,10,79
Genre_Action,2014,11,54
Genre_Action,2014,12,38
Genre_Action,2015,1,45
Genre_Action,2015,2,37
Genre_Action,2015,3,41
Genre_Action,2015,4,52
Genre_Action,2015,5,60
Genre_Action,2015,6,59
Genre_Action,2015,7,86
Genre_Action,2015,8,76
Genre_Action,2015,9,78
Genre_Action,2015,10,75
Genre_Action,2015,11,54
Genre_Action,2015,12,71
Genre_Action,2016,1,97
Genre_Action,2016,2,93
Genre_Action,2016,3,106
Genre_Action,2016,4,119
Genre_Action,2016,5,111
Genre_Action,2016,6,92
Genre_Action,2016,7,110
Genre_Action,2016,8,89
Genre_Action,2016,9,106
Genre_Action,2016,10,69
Genre_Action,2016,11,51
Genre_Action,2016,12,54
Genre_Action,2017,1,23
Genre_Action,2017,2,13
Genre_Action,2017,3,8
Genre_Action,2017,4,4
Genre_Action,2017,5,0
Genre_Action,2017,6,0
Genre_Action,2017,7,0
Genre_Action,2017,8,0
Genre_Action,2017,9,0
Genre_Action,2017,10,0
Genre_Action,2017,11,0
Genre_Action,2017,12,0
Genre_Adventure,2005,1,0
Genre_Adventure,2005,2,0
Genre_Adventure,2005,3,0
Genre_Adventure,2005,4,0
Genre_Adventure,2005,5,0
Genre_Adventure,2005,6,0
Genre_Adventure,2005,7,0
Genre_Adventure,2005,8,0
Genre_Adventure,2005,9,0
Genre_Adventure,2005,10,0
Genre_Adventure,2005,11,0
Genre_Adventure,2005,12,0
Genre_Adventure,2006,1,0
Genre_Adventure,2006,2,1
Genre_Adventure,2006,3,10
Genre_Adventure,2006,4,16
Genre_Adventure,2006,5,27
Genre_Adventure,2006,6,36
Genre_Adventure,2006,7,30
Genre_Adventure,2006,8,29
Genre_Adventure,2006,9,35
Genre_Adventure,2006,10,28
Genre_Adventure,2006,11,17
Genre_Adventure,2006,12,18
Genre_Adventure,2007,1,16
Genre_Adventure,2007,2,16
Genre_Adventure,2007,3,19
Genre_Adventure,2007,4,14
Genre_Adventure,2007,5,24
Genre_Adventure,2007,6,37
Genre_Adventure,2007,7,29
Genre_Adventure,2007,8,38
Genre_Adventure,2007,9,30
Genre_Adventure,2007,10,28
Genre_Adventure,2007,11,22
Genre_Adventure,2007,12,19
Genre_Adventure,2008,1,20
Genre_Adventure,2008,2,20
Genre_Adventure,2008,3,17
Genre_Adventure,2008,4,21
Genre_Adventure,2008,5,32
Genre_Adventure,2008,6,28
Genre_Adventure,2008,7,25
Genre_Adventure,2008,8,30
Genre_Adventure,2008,9,20
Genre_Adventure,2008,10,13
Genre_Adventure,2008,11,9
Genre_Adventure,2008,12,12
Genre_Adventure,2009,1,14
Genre_Adventure,2009,2,11
Genre_Adventure,2009,3,17
Genre_Adventure,2009,4,21
Genre_Adventure,2009,5,33
Genre_Adventure,2009,6,29
Genre_Adventure,2009,7,40
Genre_Adventure,2009,8,36
Genre_Adventure,2009,9,37
Genre_Adventure,2009,10,46
Genre_Adventure,2009,11,38
Genre_Adventure,2009,12,36
Genre_Adventure,2010,1,46
Genre_Adventure,2010,2,44
Genre_Adventure,2010,3,47
Genre_Adventure,2010,4,62
Genre_Adventure,2010,5,60
Genre_Adventure,2010,6,62
Genre_Adventure,2010,7,75
Genre_Adventure,2010,8,47
Genre_Adventure,2010,9,45
Genre_Adventure,2010,10,46
Genre_Adventure,2010,11,32
Genre_Adventure,2010,12,37
Genre_Adventure,2011,1,28
Genre_Adventure,2011,2,33
Genre_Adventure,2011,3,40
Genre_Adventure,2011,4,52
Genre_Adventure,2011,5,43
Genre_Adventure,2011,6,37
Genre_Adventure,2011,7,50
Genre_Adventure,2011,8,40
Genre_Adventure,2011,9,45
Genre_Adventure,2011,10,30
Genre_Adventure,2011,11,28
Genre_Adventure,2011,12,26
Genre_Adventure,2012,1,20
Genre_Adventure,2012,2,27
Genre_Adventure,2012,3,33
Genre_Adventure,2012,4,34
Genre_Adventure,2012,5,40
Genre_Adventure,2012,6,53
Genre_Adventure,2012,7,40
Genre_Adventure,2012,8,45
Genre_Adventure,2012,9,34
Genre_Adventure,2012,10,35
Genre_Adventure,2012,11,34
Genre_Adventure,2012,12,24
Genre_Adventure,2013,1,29
Genre_Adventure,2013,2,37
Genre_Adventure,2013,3,49
Genre_Adventure,2013,4,52
Genre_Adventure,2013,5,78
Genre_Adventure,2013,6,68
Genre_Adventure,2013,7,54
Genre_Adventure,2013,8,56
Genre_Adventure,2013,9,38
Genre_Adventure,2013,10,36
Genre_Adventure,2013,11,40
Genre_Adventure,2013,12,35
Genre_Adventure,2014,1,53
Genre_Adventure,2014,2,48
Genre_Adventure,2014,3,55
Genre_Adventure,2014,4,59
Genre_Adventure,2014,5,76
Genre_Adventure,2014,6,71
Genre_Adventure,2014,7,64
Genre_Adventure,2014,8,70
Genre_Adventure,2014,9,50
Genre_Adventure,2014,10,67
Genre_Adventure,2014,11,55
Genre_Adventure,2014,12,44
Genre_Adventure,2015,1,58
Genre_Adventure,2015,2,52
Genre_Adventure,2015,3,47
Genre_Adventure,2015,4,50
Genre_Adventure,2015,5,73
Genre_Adventure,2015,6,69
Genre_Adventure,2015,7,90
Genre_Adventure,2015,8,85
Genre_Adventure,2015,9,83
Genre_Adventure,2015,10,80
Genre_Adventure,2015,11,55
Genre_Adventure,2015,12,66
Genre_Adventure,2016,1,85
Genre_Adventure,2016,2,80
Genre_Adventure,2016,3,78
Genre_Adventure,2016,4,102
Genre_Adventure,2016,5,108
Genre_Adventure,2016,6,106
Genre_Adventure,2016,7,144
Genre_Adventure,2016,8,114
Genre_Adventure,2016,9,135
Genre_Adventure,2016,10,86
Genre_Adventure,2016,11,69
Genre_Adventure,2016,12,73
Genre_Adventure,2017,1,40
Genre_Adventure,2017,2,32
Genre_Adventure,2017,3,26
Genre_Adventure,2017,4,9
Genre_Adventure,2017,5,0
Genre_Adventure,2017,6,0
Genre_Adventure,2017,7,0
Genre_Adventure,2017,8,0
Genre_Adventure,2017,9,0
Genre_Adventure,2017,10,0
Genre_Adventure,2017,11,0
Genre_Adventure,2017,12,0
Genre_Animation,2005,1,0
Genre_Animation,2005,2,0
Genre_Animation,2005,3,0
Genre_Animation,2005,4,0
Genre_Animation,2005,5,0
Genre_Animation,2005,6,0
Genre_Animation,2005,7,0
Genre_Animation,2005,8,0
Genre_Animation,2005,9,0
Genre_Animation,2005,10,0
Genre_Animation,2005,11,0
Genre_Animation,2005,12,0
Genre_Animation,2006,1,0
Genre_Animation,2006,2,0
Genre_Animation,2006,3,0
Genre_Animation,2006,4,3
Genre_Animation,2006,5,4
Genre_Animation,2006,6,5
Genre_Animation,2006,7,4
Genre_Animation,2006,8,4
Genre_Animation,2006,9,7
Genre_Animation,2006,10,6
Genre_Animation,2006,11,4
Genre_Animation,2006,12,5
Genre_Animation,2007,1,4
Genre_Animation,2007,2,4
Genre_Animation,2007,3,5
Genre_Animation,2007,4,4
Genre_Animation,2007,5,5
Genre_Animation,2007,6,5
Genre_Animation,2007,7,4
Genre_Animation,2007,8,5
Genre_Animation,2007,9,8
Genre_Animation,2007,10,12
Genre_Animation,2007,11,15
Genre_Animation,2007,12,9
Genre_Animation,2008,1,8
Genre_Animation,2008,2,5
Genre_Animation,2008,3,1
Genre_Animation,2008,4,3
Genre_Animation,2008,5,5
Genre_Animation,2008,6,4
Genre_Animation,2008,7,4
Genre_Animation,2008,8,5
Genre_Animation,2008,9,4
Genre_Animation,2008,10,1
Genre_Animation,2008,11,0
Genre_Animation,2008,12,3
Genre_Animation,2009,1,5
Genre_Animation,2009,2,4
Genre_Animation,2009,3,4
Genre_Animation,2009,4,8
Genre_Animation,2009,5,10
Genre_Animation,2009,6,8
Genre_Animation,2009,7,5
Genre_Animation,2009,8,4
Genre_Animation,2009,9,7
Genre_Animation,2009,10,15
Genre_Animation,2009,11,8
Genre_Animation,2009,12,8
Genre_Animation,2010,1,11
Genre_Animation,2010,2,12
Genre_Animation,2010,3,12
Genre_Animation,2010,4,8
Genre_Animation,2010,5,11
Genre_Animation,2010,6,12
Genre_Animation,2010,7,13
Genre_Animation,2010,8,8
Genre_Animation,2010,9,12
Genre_Animation,2010,10,20
Genre_Animation,2010,11,16
Genre_Animation,2010,12,15
Genre_Animation,2011,1,10
Genre_Animation,2011,2,9
Genre_Animation,2011,3,8
Genre_Animation,2011,4,11
Genre_Animation,2011,5,12
Genre_Animation,2011,6,8
Genre_Animation,2011,7,10
Genre_Animation,2011,8,8
Genre_Animation,2011,9,4
Genre_Animation,2011,10,4
Genre_Animation,2011,11,4
Genre_Animation,2011,12,2
Genre_Animation,2012,1,0
Genre_Animation,2012,2,0
Genre_Animation,2012,3,0
Genre_Animation,2012,4,1
Genre_Animation,2012,5,4
Genre_Animation,2012,6,5
Genre_Animation,2012,7,4
Genre_Animation,2012,8,5
Genre_Animation,2012,9,6
Genre_Animation,2012,10,8
Genre_Animation,2012,11,10
Genre_Animation,2012,12,8
Genre_Animation,2013,1,6
Genre_Animation,2013,2,4
Genre_Animation,2013,3,5
Genre_Animation,2013,4,5
Genre_Animation,2013,5,10
Genre_Animation,2013,6,8
Genre_Animation,2013,7,8
Genre_Animation,2013,8,10
Genre_Animation,2013,9,9
Genre_Animation,2013,10,12
Genre_Animation,2013,11,15
Genre_Animation,2013,12,13
Genre_Animation,2014,1,12
Genre_Animation,2014,2,8
Genre_Animation,2014,3,8
Genre_Animation,2014,4,10
Genre_Animation,2014,5,15
Genre_Animation,2014,6,12
Genre_Animation,2014,7,10
Genre_Animation,2014,8,12
Genre_Animation,2014,9,11
Genre_Animation,2014,10,15
Genre_Animation,2014,11,12
Genre_Animation,2014,12,9
Genre_Animation,2015,1,11
Genre_Animation,2015,2,11
Genre_Animation,2015,3,8
Genre_Animation,2015,4,9
Genre_Animation,2015,5,17
Genre_Animation,2015,6,12
Genre_Animation,2015,7,16
Genre_Animation,2015,8,16
Genre_Animation,2015,9,13
Genre_Animation,2015,10,15
Genre_Animation,2015,11,12
Genre_Animation,2015,12,13
Genre_Animation,2016,1,22
Genre_Animation,2016,2,20
Genre_Animation,2016,3,15
Genre_Animation,2016,4,18
Genre_Animation,2016,5,20
Genre_Animation,2016,6,27
Genre_Animation,2016,7,39
Genre_Animation,2016,8,28
Genre_Animation,2016,9,38
Genre_Animation,2016,10,34
Genre_Animation,2016,11,28
Genre_Animation,2016,12,26
Genre_Animation,2017,1,13
Genre_Animation,2017,2,12
Genre_Animation,2017,3,14
Genre_Animation,2017,4,7
Genre_Animation,2017,5,0
Genre_Animation,2017,6,0
Genre_Animation,2017,7,0
Genre_Animation,2017,8,0
Genre_Animation,2017,9,0
Genre_Animation,2017,10,0
Genre_Animation,2017,11,0
Genre_Animation,2017,12,0
Genre_Biography,2005,1,0
Genre_Biography,2005,2,0
Genre_Biography,2005,3,0
Genre_Biography,2005,4,0
Genre_Biography,2005,5,0
Genre_Biography,2005,6,0
Genre_Biography,2005,7,0
Genre_Biography,2005,8,0
Genre_Biography,2005,9,0
Genre_Biography,2005,10,0
Genre_Biography,2005,11,0
Genre_Biography,2005,12,0
Genre_Biography,2006,1,0
Genre_Biography,2006,2,0
Genre_Biography,2006,3,0
Genre_Biography,2006,4,0
Genre_Biography,2006,5,4
Genre_Biography,2006,6,5
Genre_Biography,2006,7,4
Genre_Biography,2006,8,6
Genre_Biography,2006,9,9
Genre_Biography,2006,10,10
Genre_Biography,2006,11,11
Genre_Biography,2006,12,11
Genre_Biography,2007,1,8
Genre_Biography,2007,2,8
Genre_Biography,2007,3,2
Genre_Biography,2007,4,0
Genre_Biography,2007,5,0
Genre_Biography,2007,6,0
Genre_Biography,2007,7,2
Genre_Biography,2007,8,10
Genre_Biography,2007,9,12
Genre_Biography,2007,10,12
Genre_Biography,2007,11,15
Genre_Biography,2007,12,12
Genre_Biography,2008,1,16
Genre_Biography,2008,2,10
Genre_Biography,2008,3,7
Genre_Biography,2008,4,3
Genre_Biography,2008,5,0
Genre_Biography,2008,6,0
Genre_Biography,2008,7,0
Genre_Biography,2008,8,4
Genre_Biography,2008,9,8
Genre_Biography,2008,10,14
Genre_Biography,2008,11,14
Genre_Biography,2008,12,14
Genre_Biography,2009,1,8
Genre_Biography,2009,2,6
Genre_Biography,2009,3,6
Genre_Biography,2009,4,2
Genre_Biography,2009,5,7
Genre_Biography,2009,6,5
Genre_Biography,2009,7,5
Genre_Biography,2009,8,4
Genre_Biography,2009,9,1
Genre_Biography,2009,10,5
Genre_Biography,2009,11,4
Genre_Biography,2009,12,4
Genre_Biography,2010,1,5
Genre_Biography,2010,2,4
Genre_Biography,2010,3,4
Genre_Biography,2010,4,5
Genre_Biography,2010,5,4
Genre_Biography,2010,6,0
Genre_Biography,2010,7,0
Genre_Biography,2010,8,4
Genre_Biography,2010,9,7
Genre_Biography,2010,10,18
Genre_Biography,2010,11,16
Genre_Biography,2010,12,20
Genre_Biography,2011,1,16
Genre_Biography,2011,2,16
Genre_Biography,2011,3,13
Genre_Biography,2011,4,6
Genre_Biography,2011,5,4
Genre_Biography,2011,6,5
Genre_Biography,2011,7,5
Genre_Biography,2011,8,9
Genre_Biography,2011,9,9
Genre_Biography,2011,10,8
Genre_Biography,2011,11,9
Genre_Biography,2011,12,9
Genre_Biography,2012,1,6
Genre_Biography,2012,2,0
Genre_Biography,2012,3,0
Genre_Biography,2012,4,0
Genre_Biography,2012,5,0
Genre_Biography,2012,6,0
Genre_Biography,2012,7,0
Genre_Biography,2012,8,3
Genre_Biography,2012,9,7
Genre_Biography,2012,10,8
Genre_Biography,2012,11,10
Genre_Biography,2012,12,8
Genre_Biography,2013,1,8
Genre_Biography,2013,2,10
Genre_Biography,2013,3,15
Genre_Biography,2013,4,9
Genre_Biography,2013,5,5
Genre_Biography,2013,6,6
Genre_Biography,2013,7,8
Genre_Biography,2013,8,15
Genre_Biography,2013,9,20
Genre_Biography,2013,10,24
Genre_Biography,2013,11,38
Genre_Biography,2013,12,28
Genre_Biography,2014,1,35
Genre_Biography,2014,2,24
Genre_Biography,2014,3,20
Genre_Biography,2014,4,11
Genre_Biography,2014,5,1
Genre_Biography,2014,6,0
Genre_Biography,2014,7,0
Genre_Biography,2014,8,0
Genre_Biography,2014,9,3
Genre_Biography,2014,10,21
Genre_Biography,2014,11,24
Genre_Biography,2014,12,24
Genre_Biography,2015,1,31
Genre_Biography,2015,2,28
Genre_Biography,2015,3,29
Genre_Biography,2015,4,25
Genre_Biography,2015,5,19
Genre_Biography,2015,6,17
Genre_Biography,2015,7,22
Genre_Biography,2015,8,20
Genre_Biography,2015,9,20
Genre_Biography,2015,10,35
Genre_Biography,2015,11,30
Genre_Biography,2015,12,29
Genre_Biography,2016,1,41
Genre_Biography,2016,2,37
Genre_Biography,2016,3,44
Genre_Biography,2016,4,38
Genre_Biography,2016,5,33
Genre_Biography,2016,6,32
Genre_Biography,2016,7,45
Genre_Biography,2016,8,38
Genre_Biography,2016,9,53
Genre_Biography,2016,10,46
Genre_Biography,2016,11,46
Genre_Biography,2016,12,49
Genre_Biography,2017,1,29
Genre_Biography,2017,2,17
Genre_Biography,2017,3,16
Genre_Biography,2017,4,10
Genre_Biography,2017,5,5
Genre_Biography,2017,6,5
Genre_Biography,2017,7,4
Genre_Biography,2017,8,4
Genre_Biography,2017,9,4
Genre_Biography,2017,10,1
Genre_Biography,2017,11,0
Genre_Biography,2017,12,0
Genre_Comedy,2005,1,0
Genre_Comedy,2005,2,0
Genre_Comedy,2005,3,0
Genre_Comedy,2005,4,0
Genre_Comedy,2005,5,0
Genre_Comedy,2005,6,0
Genre_Comedy,2005,7,0
Genre_Comedy,2005,8,0
Genre_Comedy,2005,9,0
Genre_Comedy,2005,10,0
Genre_Comedy,2005,11,0
Genre_Comedy,2005,12,0
Genre_Comedy,2006,1,2
Genre_Comedy,2006,2,8
Genre_Comedy,2006,3,10
Genre_Comedy,2006,4,14
Genre_Comedy,2006,5,17
Genre_Comedy,2006,6,24
Genre_Comedy,2006,7,24
Genre_Comedy,2006,8,24
Genre_Comedy,2006,9,31
Genre_Comedy,2006,10,20
Genre_Comedy,2006,11,16
Genre_Comedy,2006,12,17
Genre_Comedy,2007,1,11
Genre_Comedy,2007,2,9
Genre_Comedy,2007,3,14
Genre_Comedy,2007,4,12
Genre_Comedy,2007,5,14
Genre_Comedy,2007,6,22
Genre_Comedy,2007,7,19
Genre_Comedy,2007,8,24
Genre_Comedy,2007,9,21
Genre_Comedy,2007,10,22
Genre_Comedy,2007,11,20
Genre_Comedy,2007,12,15
Genre_Comedy,2008,1,16
Genre_Comedy,2008,2,22
Genre_Comedy,2008,3,17
Genre_Comedy,2008,4,23
Genre_Comedy,2008,5,32
Genre_Comedy,2008,6,33
Genre_Comedy,2008,7,33
Genre_Comedy,2008,8,40
Genre_Comedy,2008,9,30
Genre_Comedy,2008,10,20
Genre_Comedy,2008,11,8
Genre_Comedy,2008,12,11
Genre_Comedy,2009,1,14
Genre_Comedy,2009,2,10
Genre_Comedy,2009,3,12
Genre_Comedy,2009,4,20
Genre_Comedy,2009,5,30
Genre_Comedy,2009,6,26
Genre_Comedy,2009,7,32
Genre_Comedy,2009,8,31
Genre_Comedy,2009,9,35
Genre_Comedy,2009,10,48
Genre_Comedy,2009,11,30
Genre_Comedy,2009,12,20
Genre_Comedy,2010,1,25
Genre_Comedy,2010,2,26
Genre_Comedy,2010,3,26
Genre_Comedy,2010,4,32
Genre_Comedy,2010,5,32
Genre_Comedy,2010,6,34
Genre_Comedy,2010,7,47
Genre_Comedy,2010,8,41
Genre_Comedy,2010,9,43
Genre_Comedy,2010,10,55
Genre_Comedy,2010,11,37
Genre_Comedy,2010,12,41
Genre_Comedy,2011,1,36
Genre_Comedy,2011,2,34
Genre_Comedy,2011,3,36
Genre_Comedy,2011,4,49
Genre_Comedy,2011,5,38
Genre_Comedy,2011,6,33
Genre_Comedy,2011,7,38
Genre_Comedy,2011,8,44
Genre_Comedy,2011,9,45
Genre_Comedy,2011,10,32
Genre_Comedy,2011,11,28
Genre_Comedy,2011,12,28
Genre_Comedy,2012,1,21
Genre_Comedy,2012,2,23
Genre_Comedy,2012,3,37
Genre_Comedy,2012,4,38
Genre_Comedy,2012,5,50
Genre_Comedy,2012,6,55
Genre_Comedy,2012,7,39
Genre_Comedy,2012,8,44
Genre_Comedy,2012,9,39
Genre_Comedy,2012,10,39
Genre_Comedy,2012,11,38
Genre_Comedy,2012,12,32
Genre_Comedy,2013,1,26
Genre_Comedy,2013,2,22
Genre_Comedy,2013,3,22
Genre_Comedy,2013,4,32
Genre_Comedy,2013,5,54
Genre_Comedy,2013,6,54
Genre_Comedy,2013,7,60
Genre_Comedy,2013,8,73
Genre_Comedy,2013,9,51
Genre_Comedy,2013,10,48
Genre_Comedy,2013,11,67
Genre_Comedy,2013,12,49
Genre_Comedy,2014,1,53
Genre_Comedy,2014,2,38
Genre_Comedy,2014,3,49
Genre_Comedy,2014,4,47
Genre_Comedy,2014,5,54
Genre_Comedy,2014,6,50
Genre_Comedy,2014,7,51
Genre_Comedy,2014,8,57
Genre_Comedy,2014,9,39
Genre_Comedy,2014,10,52
Genre_Comedy,2014,11,46
Genre_Comedy,2014,12,38
Genre_Comedy,2015,1,55
Genre_Comedy,2015,2,49
Genre_Comedy,2015,3,44
Genre_Comedy,2015,4,53
Genre_Comedy,2015,5,72
Genre_Comedy,2015,6,66
Genre_Comedy,2015,7,90
Genre_Comedy,2015,8,78
Genre_Comedy,2015,9,76
Genre_Comedy,2015,10,74
Genre_Comedy,2015,11,53
Genre_Comedy,2015,12,58
Genre_Comedy,2016,1,91
Genre_Comedy,2016,2,94
Genre_Comedy,2016,3,106
Genre_Comedy,2016,4,119
Genre_Comedy,2016,5,113
Genre_Comedy,2016,6,124
Genre_Comedy,2016,7,139
Genre_Comedy,2016,8,99
Genre_Comedy,2016,9,121
Genre_Comedy,2016,10,101
Genre_Comedy,2016,11,81
Genre_Comedy,2016,12,79
Genre_Comedy,2017,1,42
Genre_Comedy,2017,2,38
Genre_Comedy,2017,3,42
Genre_Comedy,2017,4,19
Genre_Comedy,2017,5,2
Genre_Comedy,2017,6,0
Genre_Comedy,2017,7,0
Genre_Comedy,2017,8,0
Genre_Comedy,2017,9,0
Genre_Comedy,2017,10,0
Genre_Comedy,2017,11,0
Genre_Comedy,2017,12,0
Genre_Crime,2005,1,0
Genre_Crime,2005,2,0
Genre_Crime,2005,3,0
Genre_Crime,2005,4,0
Genre_Crime,2005,5,0
Genre_Crime,2005,6,0
Genre_Crime,2005,7,0
Genre_Crime,2005,8,0
Genre_Crime,2005,9,0
Genre_Crime,2005,10,0
Genre_Crime,2005,11,0
Genre_Crime,2005,12,0
Genre_Crime,2006,1,1
Genre_Crime,2006,2,7
Genre_Crime,2006,3,10
Genre_Crime,2006,4,10
Genre_Crime,2006,5,12
Genre_Crime,2006,6,21
Genre_Crime,2006,7,14
Genre_Crime,2006,8,15
Genre_Crime,2006,9,16
Genre_Crime,2006,10,11
Genre_Crime,2006,11,12
Genre_Crime,2006,12,15
Genre_Crime,2007,1,17
Genre_Crime,2007,2,24
Genre_Crime,2007,3,24
Genre_Crime,2007,4,24
Genre_Crime,2007,5,20
Genre_Crime,2007,6,20
Genre_Crime,2007,7,14
Genre_Crime,2007,8,19
Genre_Crime,2007,9,21
Genre_Crime,2007,10,20
Genre_Crime,2007,11,20
Genre_Crime,2007,12,18
Genre_Crime,2008,1,16
Genre_Crime,2008,2,15
Genre_Crime,2008,3,12
Genre_Crime,2008,4,9
Genre_Crime,2008,5,20
Genre_Crime,2008,6,19
Genre_Crime,2008,7,16
Genre_Crime,2008,8,27
Genre_Crime,2008,9,19
Genre_Crime,2008,10,15
Genre_Crime,2008,11,14
Genre_Crime,2008,12,15
Genre_Crime,2009,1,10
Genre_Crime,2009,2,12
Genre_Crime,2009,3,8
Genre_Crime,2009,4,4
Genre_Crime,2009,5,10
Genre_Crime,2009,6,8
Genre_Crime,2009,7,5
Genre_Crime,2009,8,6
Genre_Crime,2009,9,4
Genre_Crime,2009,10,6
Genre_Crime,2009,11,8
Genre_Crime,2009,12,8
Genre_Crime,2010,1,10
Genre_Crime,2010,2,8
Genre_Crime,2010,3,8
Genre_Crime,2010,4,7
Genre_Crime,2010,5,1
Genre_Crime,2010,6,7
Genre_Crime,2010,7,12
Genre_Crime,2010,8,17
Genre_Crime,2010,9,21
Genre_Crime,2010,10,33
Genre_Crime,2010,11,21
Genre_Crime,2010,12,20
Genre_Crime,2011,1,12
Genre_Crime,2011,2,5
Genre_Crime,2011,3,8
Genre_Crime,2011,4,6
Genre_Crime,2011,5,7
Genre_Crime,2011,6,8
Genre_Crime,2011,7,12
Genre_Crime,2011,8,9
Genre_Crime,2011,9,10
Genre_Crime,2011,10,11
Genre_Crime,2011,11,12
Genre_Crime,2011,12,20
Genre_Crime,2012,1,18
Genre_Crime,2012,2,21
Genre_Crime,2012,3,18
Genre_Crime,2012,4,8
Genre_Crime,2012,5,12
Genre_Crime,2012,6,13
Genre_Crime,2012,7,9
Genre_Crime,2012,8,24
Genre_Crime,2012,9,21
Genre_Crime,2012,10,20
Genre_Crime,2012,11,26
Genre_Crime,2012,12,18
Genre_Crime,2013,1,7
Genre_Crime,2013,2,7
Genre_Crime,2013,3,16
Genre_Crime,2013,4,21
Genre_Crime,2013,5,35
Genre_Crime,2013,6,31
Genre_Crime,2013,7,38
Genre_Crime,2013,8,51
Genre_Crime,2013,9,33
Genre_Crime,2013,10,31
Genre_Crime,2013,11,45
Genre_Crime,2013,12,28
Genre_Crime,2014,1,28
Genre_Crime,2014,2,16
Genre_Crime,2014,3,16
Genre_Crime,2014,4,10
Genre_Crime,2014,5,12
Genre_Crime,2014,6,7
Genre_Crime,2014,7,11
Genre_Crime,2014,8,33
Genre_Crime,2014,9,35
Genre_Crime,2014,10,46
Genre_Crime,2014,11,36
Genre_Crime,2014,12,37
Genre_Crime,2015,1,53
Genre_Crime,2015,2,37
Genre_Crime,2015,3,28
Genre_Crime,2015,4,33
Genre_Crime,2015,5,27
Genre_Crime,2015,6,18
Genre_Crime,2015,7,18
Genre_Crime,2015,8,20
Genre_Crime,2015,9,23
Genre_Crime,2015,10,33
Genre_Crime,2015,11,28
Genre_Crime,2015,12,25
Genre_Crime,2016,1,33
Genre_Crime,2016,2,26
Genre_Crime,2016,3,29
Genre_Crime,2016,4,37
Genre_Crime,2016,5,25
Genre_Crime,2016,6,23
Genre_Crime,2016,7,48
Genre_Crime,2016,8,44
Genre_Crime,2016,9,73
Genre_Crime,2016,10,52
Genre_Crime,2016,11,47
Genre_Crime,2016,12,39
Genre_Crime,2017,1,12
Genre_Crime,2017,2,8
Genre_Crime,2017,3,6
Genre_Crime,2017,4,1
Genre_Crime,2017,5,0
Genre_Crime,2017,6,0
Genre_Crime,2017,7,0
Genre_Crime,2017,8,0
Genre_Crime,2017,9,0
Genre_Crime,2017,10,0
Genre_Crime,2017,11,0
Genre_Crime,2017,12,0
Genre_Drama,2005,1,0
Genre_Drama,2005,2,0
Genre_Drama,2005,3,0
Genre_Drama,2005,4,0
Genre_Drama,2005,5,0
Genre_Drama,2005,6,0
Genre_Drama,2005,7,0
Genre_Drama,2005,8,0
Genre_Drama,2005,9,0
Genre_Drama,2005,10,0
Genre_Drama,2005,11,0
Genre_Drama,2005,12,3
Genre_Drama,2006,1,5
Genre_Drama,2006,2,11
Genre_Drama,2006,3,15
Genre_Drama,2006,4,16
Genre_Drama,2006,5,26
Genre_Drama,2006,6,45
Genre_Drama,2006,7,34
Genre_Drama,2006,8,39
Genre_Drama,2006,9,55
Genre_Drama,2006,10,58
Genre_Drama,2006,11,71
Genre_Drama,2006,12,82
Genre_Drama,2007,1,69
Genre_Drama,2007,2,68
Genre_Drama,2007,3,70
Genre_Drama,2007,4,46
Genre_Drama,2007,5,38
Genre_Drama,2007,6,36
Genre_Drama,2007,7,25
Genre_Drama,2007,8,31
Genre_Drama,2007,9,33
Genre_Drama,2007,10,48
Genre_Drama,2007,11,70
Genre_Drama,2007,12,58
Genre_Drama,2008,1,62
Genre_Drama,2008,2,72
Genre_Drama,2008,3,50
Genre_Drama,2008,4,38
Genre_Drama,2008,5,43
Genre_Drama,2008,6,27
Genre_Drama,2008,7,22
Genre_Drama,2008,8,28
Genre_Drama,2008,9,31
Genre_Drama,2008,10,54
Genre_Drama,2008,11,55
Genre_Drama,2008,12,59
Genre_Drama,2009,1,66
Genre_Drama,2009,2,46
Genre_Drama,2009,3,43
Genre_Drama,2009,4,32
Genre_Drama,2009,5,47
Genre_Drama,2009,6,31
Genre_Drama,2009,7,35
Genre_Drama,2009,8,27
Genre_Drama,2009,9,33
Genre_Drama,2009,10,53
Genre_Drama,2009,11,44
Genre_Drama,2009,12,32
Genre_Drama,2010,1,38
Genre_Drama,2010,2,38
Genre_Drama,2010,3,40
Genre_Drama,2010,4,51
Genre_Drama,2010,5,33
Genre_Drama,2010,6,24
Genre_Drama,2010,7,39
Genre_Drama,2010,8,41
Genre_Drama,2010,9,44
Genre_Drama,2010,10,67
Genre_Drama,2010,11,60
Genre_Drama,2010,12,69
Genre_Drama,2011,1,54
Genre_Drama,2011,2,50
Genre_Drama,2011,3,45
Genre_Drama,2011,4,40
Genre_Drama,2011,5,18
Genre_Drama,2011,6,28
Genre_Drama,2011,7,43
Genre_Drama,2011,8,57
Genre_Drama,2011,9,83
Genre_Drama,2011,10,88
Genre_Drama,2011,11,84
Genre_Drama,2011,12,88
Genre_Drama,2012,1,60
Genre_Drama,2012,2,54
Genre_Drama,2012,3,46
Genre_Drama,2012,4,33
Genre_Drama,2012,5,39
Genre_Drama,2012,6,39
Genre_Drama,2012,7,34
Genre_Drama,2012,8,53
Genre_Drama,2012,9,54
Genre_Drama,2012,10,63
Genre_Drama,2012,11,82
Genre_Drama,2012,12,69
Genre_Drama,2013,1,67
Genre_Drama,2013,2,73
Genre_Drama,2013,3,91
Genre_Drama,2013,4,71
Genre_Drama,2013,5,97
Genre_Drama,2013,6,74
Genre_Drama,2013,7,72
Genre_Drama,2013,8,89
Genre_Drama,2013,9,76
Genre_Drama,2013,10,80
Genre_Drama,2013,11,100
Genre_Drama,2013,12,72
Genre_Drama,2014,1,99
Genre_Drama,2014,2,79
Genre_Drama,2014,3,81
Genre_Drama,2014,4,59
Genre_Drama,2014,5,55
Genre_Drama,2014,6,37
Genre_Drama,2014,7,47
Genre_Drama,2014,8,86
Genre_Drama,2014,9,85
Genre_Drama,2014,10,128
Genre_Drama,2014,11,108
Genre_Drama,2014,12,102
Genre_Drama,2015,1,143
Genre_Drama,2015,2,120
Genre_Drama,2015,3,111
Genre_Drama,2015,4,109
Genre_Drama,2015,5,89
Genre_Drama,2015,6,90
Genre_Drama,2015,7,111
Genre_Drama,2015,8,95
Genre_Drama,2015,9,109
Genre_Drama,2015,10,136
Genre_Drama,2015,11,111
Genre_Drama,2015,12,117
Genre_Drama,2016,1,154
Genre_Drama,2016,2,151
Genre_Drama,2016,3,177
Genre_Drama,2016,4,172
Genre_Drama,2016,5,149
Genre_Drama,2016,6,136
Genre_Drama,2016,7,159
Genre_Drama,2016,8,140
Genre_Drama,2016,9,207
Genre_Drama,2016,10,186
Genre_Drama,2016,11,187
Genre_Drama,2016,12,185
Genre_Drama,2017,1,103
Genre_Drama,2017,2,74
Genre_Drama,2017,3,64
Genre_Drama,2017,4,32
Genre_Drama,2017,5,7
Genre_Drama,2017,6,5
Genre_Drama,2017,7,4
Genre_Drama,2017,8,4
Genre_Drama,2017,9,4
Genre_Drama,2017,10,1
Genre_Drama,2017,11,0
Genre_Drama,2017,12,0
Genre_Family,2005,1,0
Genre_Family,2005,2,0
Genre_Family,2005,3,0
Genre_Family,2005,4,0
Genre_Family,2005,5,0
Genre_Family,2005,6,0
Genre_Family,2005,7,0
Genre_Family,2005,8,0
Genre_Family,2005,9,0
Genre_Family,2005,10,0
Genre_Family,2005,11,0
Genre_Family,2005,12,0
Genre_Family,2006,1,0
Genre_Family,2006,2,0
Genre_Family,2006,3,0
Genre_Family,2006,4,0
Genre_Family,2006,5,0
Genre_Family,2006,6,0
Genre_Family,2006,7,0
Genre_Family,2006,8,0
Genre_Family,2006,9,2
Genre_Family,2006,10,4
Genre_Family,2006,11,4
Genre_Family,2006,12,7
Genre_Family,2007,1,8
Genre_Family,2007,2,8
Genre_Family,2007,3,10
Genre_Family,2007,4,8
Genre_Family,2007,5,13
Genre_Family,2007,6,22
Genre_Family,2007,7,16
Genre_Family,2007,8,20
Genre_Family,2007,9,18
Genre_Family,2007,10,22
Genre_Family,2007,11,25
Genre_Family,2007,12,14
Genre_Family,2008,1,12
Genre_Family,2008,2,10
Genre_Family,2008,3,1
Genre_Family,2008,4,0
Genre_Family,2008,5,2
Genre_Family,2008,6,4
Genre_Family,2008,7,4
Genre_Family,2008,8,5
Genre_Family,2008,9,4
Genre_Family,2008,10,5
Genre_Family,2008,11,0
Genre_Family,2008,12,3
Genre_Family,2009,1,5
Genre_Family,2009,2,6
Genre_Family,2009,3,8
Genre_Family,2009,4,8
Genre_Family,2009,5,13
Genre_Family,2009,6,12
Genre_Family,2009,7,10
Genre_Family,2009,8,4
Genre_Family,2009,9,4
Genre_Family,2009,10,5
Genre_Family,2009,11,4
Genre_Family,2009,12,4
Genre_Family,2010,1,11
Genre_Family,2010,2,12
Genre_Family,2010,3,12
Genre_Family,2010,4,19
Genre_Family,2010,5,20
Genre_Family,2010,6,20
Genre_Family,2010,7,16
Genre_Family,2010,8,10
Genre_Family,2010,9,7
Genre_Family,2010,10,5
Genre_Family,2010,11,4
Genre_Family,2010,12,5
Genre_Family,2011,1,5
Genre_Family,2011,2,8
Genre_Family,2011,3,8
Genre_Family,2011,4,6
Genre_Family,2011,5,4
Genre_Family,2011,6,4
Genre_Family,2011,7,2
Genre_Family,2011,8,3
Genre_Family,2011,9,7
Genre_Family,2011,10,8
Genre_Family,2011,11,8
Genre_Family,2011,12,10
Genre_Family,2012,1,8
Genre_Family,2012,2,6
Genre_Family,2012,3,5
Genre_Family,2012,4,1
Genre_Family,2012,5,0
Genre_Family,2012,6,4
Genre_Family,2012,7,4
Genre_Family,2012,8,5
Genre_Family,2012,9,4
Genre_Family,2012,10,4
Genre_Family,2012,11,5
Genre_Family,2012,12,2
Genre_Family,2013,1,3
Genre_Family,2013,2,4
Genre_Family,2013,3,5
Genre_Family,2013,4,4
Genre_Family,2013,5,5
Genre_Family,2013,6,8
Genre_Family,2013,7,6
Genre_Family,2013,8,5
Genre_Family,2013,9,4
Genre_Family,2013,10,4
Genre_Family,2013,11,5
Genre_Family,2013,12,4
Genre_Family,2014,1,4
Genre_Family,2014,2,0
Genre_Family,2014,3,0
Genre_Family,2014,4,4
Genre_Family,2014,5,5
Genre_Family,2014,6,4
Genre_Family,2014,7,4
Genre_Family,2014,8,5
Genre_Family,2014,9,4
Genre_Family,2014,10,9
Genre_Family,2014,11,12
Genre_Family,2014,12,8
Genre_Family,2015,1,13
Genre_Family,2015,2,12
Genre_Family,2015,3,10
Genre_Family,2015,4,12
Genre_Family,2015,5,21
Genre_Family,2015,6,20
Genre_Family,2015,7,22
Genre_Family,2015,8,25
Genre_Family,2015,9,24
Genre_Family,2015,10,23
Genre_Family,2015,11,16
Genre_Family,2015,12,16
Genre_Family,2016,1,20
Genre_Family,2016,2,20
Genre_Family,2016,3,16
Genre_Family,2016,4,21
Genre_Family,2016,5,19
Genre_Family,2016,6,22
Genre_Family,2016,7,33
Genre_Family,2016,8,30
Genre_Family,2016,9,36
Genre_Family,2016,10,26
Genre_Family,2016,11,20
Genre_Family,2016,12,17
Genre_Family,2017,1,12
Genre_Family,2017,2,9
Genre_Family,2017,3,9
Genre_Family,2017,4,4
Genre_Family,2017,5,0
Genre_Family,2017,6,0
Genre_Family,2017,7,0
Genre_Family,2017,8,0
Genre_Family,2017,9,0
Genre_Family,2017,10,0
Genre_Family,2017,11,0
Genre_Family,2017,12,0
Genre_Fantasy,2005,1,0
Genre_Fantasy,2005,2,0
Genre_Fantasy,2005,3,0
Genre_Fantasy,2005,4,0
Genre_Fantasy,2005,5,0
Genre_Fantasy,2005,6,0
Genre_Fantasy,2005,7,0
Genre_Fantasy,2005,8,0
Genre_Fantasy,2005,9,0
Genre_Fantasy,2005,10,0
Genre_Fantasy,2005,11,0
Genre_Fantasy,2005,12,0
Genre_Fantasy,2006,1,3
Genre_Fantasy,2006,2,4
Genre_Fantasy,2006,3,6
Genre_Fantasy,2006,4,8
Genre_Fantasy,2006,5,12
Genre_Fantasy,2006,6,20
Genre_Fantasy,2006,7,13
Genre_Fantasy,2006,8,12
Genre_Fantasy,2006,9,13
Genre_Fantasy,2006,10,5
Genre_Fantasy,2006,11,12
Genre_Fantasy,2006,12,13
Genre_Fantasy,2007,1,12
Genre_Fantasy,2007,2,12
Genre_Fantasy,2007,3,12
Genre_Fantasy,2007,4,13
Genre_Fantasy,2007,5,15
Genre_Fantasy,2007,6,20
Genre_Fantasy,2007,7,18
Genre_Fantasy,2007,8,25
Genre_Fantasy,2007,9,20
Genre_Fantasy,2007,10,15
Genre_Fantasy,2007,11,15
Genre_Fantasy,2007,12,6
Genre_Fantasy,2008,1,4
Genre_Fantasy,2008,2,4
Genre_Fantasy,2008,3,2
Genre_Fantasy,2008,4,4
Genre_Fantasy,2008,5,13
Genre_Fantasy,2008,6,16
Genre_Fantasy,2008,7,16
Genre_Fantasy,2008,8,20
Genre_Fantasy,2008,9,12
Genre_Fantasy,2008,10,9
Genre_Fantasy,2008,11,9
Genre_Fantasy,2008,12,15
Genre_Fantasy,2009,1,20
Genre_Fantasy,2009,2,19
Genre_Fantasy,2009,3,16
Genre_Fantasy,2009,4,11
Genre_Fantasy,2009,5,13
Genre_Fantasy,2009,6,8
Genre_Fantasy,2009,7,5
Genre_Fantasy,2009,8,4
Genre_Fantasy,2009,9,8
Genre_Fantasy,2009,10,15
Genre_Fantasy,2009,11,22
Genre_Fantasy,2009,12,20
Genre_Fantasy,2010,1,30
Genre_Fantasy,2010,2,28
Genre_Fantasy,2010,3,24
Genre_Fantasy,2010,4,31
Genre_Fantasy,2010,5,27
Genre_Fantasy,2010,6,26
Genre_Fantasy,2010,7,24
Genre_Fantasy,2010,8,13
Genre_Fantasy,2010,9,12
Genre_Fantasy,2010,10,9
Genre_Fantasy,2010,11,4
Genre_Fantasy,2010,12,5
Genre_Fantasy,2011,1,5
Genre_Fantasy,2011,2,11
Genre_Fantasy,2011,3,17
Genre_Fantasy,2011,4,31
Genre_Fantasy,2011,5,23
Genre_Fantasy,2011,6,21
Genre_Fantasy,2011,7,30
Genre_Fantasy,2011,8,23
Genre_Fantasy,2011,9,29
Genre_Fantasy,2011,10,19
Genre_Fantasy,2011,11,16
Genre_Fantasy,2011,12,20
Genre_Fantasy,2012,1,16
Genre_Fantasy,2012,2,18
Genre_Fantasy,2012,3,12
Genre_Fantasy,2012,4,8
Genre_Fantasy,2012,5,12
Genre_Fantasy,2012,6,14
Genre_Fantasy,2012,7,8
Genre_Fantasy,2012,8,7
Genre_Fantasy,2012,9,8
Genre_Fantasy,2012,10,13
Genre_Fantasy,2012,11,15
Genre_Fantasy,2012,12,15
Genre_Fantasy,2013,1,19
Genre_Fantasy,2013,2,23
Genre_Fantasy,2013,3,26
Genre_Fantasy,2013,4,22
Genre_Fantasy,2013,5,25
Genre_Fantasy,2013,6,22
Genre_Fantasy,2013,7,19
Genre_Fantasy,2013,8,20
Genre_Fantasy,2013,9,22
Genre_Fantasy,2013,10,15
Genre_Fantasy,2013,11,16
Genre_Fantasy,2013,12,19
Genre_Fantasy,2014,1,28
Genre_Fantasy,2014,2,20
Genre_Fantasy,2014,3,18
Genre_Fantasy,2014,4,11
Genre_Fantasy,2014,5,9
Genre_Fantasy,2014,6,5
Genre_Fantasy,2014,7,9
Genre_Fantasy,2014,8,12
Genre_Fantasy,2014,9,12
Genre_Fantasy,2014,10,16
Genre_Fantasy,2014,11,8
Genre_Fantasy,2014,12,4
Genre_Fantasy,2015,1,8
Genre_Fantasy,2015,2,10
Genre_Fantasy,2015,3,16
Genre_Fantasy,2015,4,13
Genre_Fantasy,2015,5,14
Genre_Fantasy,2015,6,10
Genre_Fantasy,2015,7,6
Genre_Fantasy,2015,8,10
Genre_Fantasy,2015,9,14
Genre_Fantasy,2015,10,17
Genre_Fantasy,2015,11,18
Genre_Fantasy,2015,12,21
Genre_Fantasy,2016,1,23
Genre_Fantasy,2016,2,20
Genre_Fantasy,2016,3,17
Genre_Fantasy,2016,4,22
Genre_Fantasy,2016,5,23
Genre_Fantasy,2016,6,24
Genre_Fantasy,2016,7,35
Genre_Fantasy,2016,8,28
Genre_Fantasy,2016,9,32
Genre_Fantasy,2016,10,25
Genre_Fantasy,2016,11,18
Genre_Fantasy,2016,12,17
Genre_Fantasy,2017,1,11
Genre_Fantasy,2017,2,8
Genre_Fantasy,2017,3,6
Genre_Fantasy,2017,4,0
Genre_Fantasy,2017,5,0
Genre_Fantasy,2017,6,0
Genre_Fantasy,2017,7,0
Genre_Fantasy,2017,8,0
Genre_Fantasy,2017,9,0
Genre_Fantasy,2017,10,0
Genre_Fantasy,2017,11,0
Genre_Fantasy,2017,12,0
Genre_History,2005,1,0
Genre_History,2005,2,0
Genre_History,2005,3,0
Genre_History,2005,4,0
Genre_History,2005,5,0
Genre_History,2005,6,0
Genre_History,2005,7,0
Genre_History,2005,8,0
Genre_History,2005,9,0
Genre_History,2005,10,0
Genre_History,2005,11,0
Genre_History,2005,12,0
Genre_History,2006,1,0
Genre_History,2006,2,0
Genre_History,2006,3,0
Genre_History,2006,4,0
Genre_History,2006,5,0
Genre_History,2006,6,0
Genre_History,2006,7,0
Genre_History,2006,8,1
Genre_History,2006,9,5
Genre_History,2006,10,4
Genre_History,2006,11,4
Genre_History,2006,12,1
Genre_History,2007,1,4
Genre_History,2007,2,4
Genre_History,2007,3,5
Genre_History,2007,4,4
Genre_History,2007,5,0
Genre_History,2007,6,0
Genre_History,2007,7,0
Genre_History,2007,8,0
Genre_History,2007,9,0
Genre_History,2007,10,1
Genre_History,2007,11,5
Genre_History,2007,12,4
Genre_History,2008,1,8
Genre_History,2008,2,10
Genre_History,2008,3,8
Genre_History,2008,4,7
Genre_History,2008,5,5
Genre_History,2008,6,4
Genre_History,2008,7,5
Genre_History,2008,8,4
Genre_History,2008,9,4
Genre_History,2008,10,2
Genre_History,2008,11,1
Genre_History,2008,12,2
Genre_History,2009,1,0
Genre_History,2009,2,0
Genre_History,2009,3,0
Genre_History,2009,4,0
Genre_History,2009,5,0
Genre_History,2009,6,0
Genre_History,2009,7,0
Genre_History,2009,8,0
Genre_History,2009,9,0
Genre_History,2009,10,0
Genre_History,2009,11,0
Genre_History,2009,12,0
Genre_History,2010,1,0
Genre_History,2010,2,0
Genre_History,2010,3,0
Genre_History,2010,4,0
Genre_History,2010,5,0
Genre_History,2010,6,0
Genre_History,2010,7,0
Genre_History,2010,8,0
Genre_History,2010,9,0
Genre_History,2010,10,0
Genre_History,2010,11,0
Genre_History,2010,12,0
Genre_History,2011,1,0
Genre_History,2011,2,0
Genre_History,2011,3,0
Genre_History,2011,4,0
Genre_History,2011,5,0
Genre_History,2011,6,0
Genre_History,2011,7,0
Genre_History,2011,8,0
Genre_History,2011,9,0
Genre_History,2011,10,0
Genre_History,2011,11,0
Genre_History,2011,12,0
Genre_History,2012,1,0
Genre_History,2012,2,0
Genre_History,2012,3,0
Genre_History,2012,4,0
Genre_History,2012,5,0
Genre_History,2012,6,0
Genre_History,2012,7,0
Genre_History,2012,8,3
Genre_History,2012,9,7
Genre_History,2012,10,10
Genre_History,2012,11,15
Genre_History,2012,12,12
Genre_History,2013,1,12
Genre_History,2013,2,12
Genre_History,2013,3,14
Genre_History,2013,4,5
Genre_History,2013,5,0
Genre_History,2013,6,0
Genre_History,2013,7,0
Genre_History,2013,8,2
Genre_History,2013,9,4
Genre_History,2013,10,4
Genre_History,2013,11,5
Genre_History,2013,12,4
Genre_History,2014,1,5
Genre_History,2014,2,4
Genre_History,2014,3,4
Genre_History,2014,4,4
Genre_History,2014,5,1
Genre_History,2014,6,0
Genre_History,2014,7,0
Genre_History,2014,8,0
Genre_History,2014,9,0
Genre_History,2014,10,2
Genre_History,2014,11,4
Genre_History,2014,12,4
Genre_History,2015,1,6
Genre_History,2015,2,8
Genre_History,2015,3,8
Genre_History,2015,4,6
Genre_History,2015,5,7
Genre_History,2015,6,10
Genre_History,2015,7,14
Genre_History,2015,8,11
Genre_History,2015,9,14
Genre_History,2015,10,13
Genre_History,2015,11,12
Genre_History,2015,12,21
Genre_History,2016,1,27
Genre_History,2016,2,24
Genre_History,2016,3,22
Genre_History,2016,4,13
Genre_History,2016,5,4
Genre_History,2016,6,5
Genre_History,2016,7,5
Genre_History,2016,8,4
Genre_History,2016,9,7
Genre_History,2016,10,12
Genre_History,2016,11,20
Genre_History,2016,12,25
Genre_History,2017,1,20
Genre_History,2017,2,19
Genre_History,2017,3,12
Genre_History,2017,4,6
Genre_History,2017,5,4
Genre_History,2017,6,5
Genre_History,2017,7,4
Genre_History,2017,8,4
Genre_History,2017,9,4
Genre_History,2017,10,1
Genre_History,2017,11,0
Genre_History,2017,12,0
Genre_Horror,2005,1,0
Genre_Horror,2005,2,0
Genre_Horror,2005,3,0
Genre_Horror,2005,4,0
Genre_Horror,2005,5,0
Genre_Horror,2005,6,0
Genre_Horror,2005,7,0
Genre_Horror,2005,8,0
Genre_Horror,2005,9,0
Genre_Horror,2005,10,0
Genre_Horror,2005,11,0
Genre_Horror,2005,12,0
Genre_Horror,2006,1,3
Genre_Horror,2006,2,9
Genre_Horror,2006,3,15
Genre_Horror,2006,4,11
Genre_Horror,2006,5,8
Genre_Horror,2006,6,6
Genre_Horror,2006,7,0
Genre_Horror,2006,8,0
Genre_Horror,2006,9,0
Genre_Horror,2006,10,0
Genre_Horror,2006,11,0
Genre_Horror,2006,12,0
Genre_Horror,2007,1,0
Genre_Horror,2007,2,6
Genre_Horror,2007,3,12
Genre_Horror,2007,4,17
Genre_Horror,2007,5,20
Genre_Horror,2007,6,21
Genre_Horror,2007,7,8
Genre_Horror,2007,8,7
Genre_Horror,2007,9,6
Genre_Horror,2007,10,8
Genre_Horror,2007,11,17
Genre_Horror,2007,12,16
Genre_Horror,2008,1,16
Genre_Horror,2008,2,20
Genre_Horror,2008,3,12
Genre_Horror,2008,4,6
Genre_Horror,2008,5,5
Genre_Horror,2008,6,8
Genre_Horror,2008,7,7
Genre_Horror,2008,8,2
Genre_Horror,2008,9,0
Genre_Horror,2008,10,0
Genre_Horror,2008,11,0
Genre_Horror,2008,12,2
Genre_Horror,2009,1,5
Genre_Horror,2009,2,4
Genre_Horror,2009,3,8
Genre_Horror,2009,4,8
Genre_Horror,2009,5,5
Genre_Horror,2009,6,8
Genre_Horror,2009,7,8
Genre_Horror,2009,8,17
Genre_Horror,2009,9,20
Genre_Horror,2009,10,21
Genre_Horror,2009,11,14
Genre_Horror,2009,12,8
Genre_Horror,2010,1,5
Genre_Horror,2010,2,9
Genre_Horror,2010,3,10
Genre_Horror,2010,4,10
Genre_Horror,2010,5,4
Genre_Horror,2010,6,5
Genre_Horror,2010,7,13
Genre_Horror,2010,8,19
Genre_Horror,2010,9,17
Genre_Horror,2010,10,19
Genre_Horror,2010,11,9
Genre_Horror,2010,12,1
Genre_Horror,2011,1,0
Genre_Horror,2011,2,2
Genre_Horror,2011,3,4
Genre_Horror,2011,4,5
Genre_Horror,2011,5,4
Genre_Horror,2011,6,6
Genre_Horror,2011,7,5
Genre_Horror,2011,8,4
Genre_Horror,2011,9,5
Genre_Horror,2011,10,1
Genre_Horror,2011,11,1
Genre_Horror,2011,12,5
Genre_Horror,2012,1,4
Genre_Horror,2012,2,6
Genre_Horror,2012,3,9
Genre_Horror,2012,4,8
Genre_Horror,2012,5,8
Genre_Horror,2012,6,10
Genre_Horror,2012,7,7
Genre_Horror,2012,8,10
Genre_Horror,2012,9,8
Genre_Horror,2012,10,8
Genre_Horror,2012,11,12
Genre_Horror,2012,12,16
Genre_Horror,2013,1,12
Genre_Horror,2013,2,22
Genre_Horror,2013,3,23
Genre_Horror,2013,4,20
Genre_Horror,2013,5,28
Genre_Horror,2013,6,21
Genre_Horror,2013,7,21
Genre_Horror,2013,8,24
Genre_Horror,2013,9,24
Genre_Horror,2013,10,19
Genre_Horror,2013,11,4
Genre_Horror,2013,12,2
Genre_Horror,2014,1,8
Genre_Horror,2014,2,10
Genre_Horror,2014,3,12
Genre_Horror,2014,4,14
Genre_Horror,2014,5,18
Genre_Horror,2014,6,11
Genre_Horror,2014,7,6
Genre_Horror,2014,8,13
Genre_Horror,2014,9,12
Genre_Horror,2014,10,18
Genre_Horror,2014,11,10
Genre_Horror,2014,12,6
Genre_Horror,2015,1,5
Genre_Horror,2015,2,11
Genre_Horror,2015,3,14
Genre_Horror,2015,4,11
Genre_Horror,2015,5,8
Genre_Horror,2015,6,6
Genre_Horror,2015,7,5
Genre_Horror,2015,8,9
Genre_Horror,2015,9,17
Genre_Horror,2015,10,23
Genre_Horror,2015,11,14
Genre_Horror,2015,12,23
Genre_Horror,2016,1,27
Genre_Horror,2016,2,28
Genre_Horror,2016,3,28
Genre_Horror,2016,4,22
Genre_Horror,2016,5,30
Genre_Horror,2016,6,24
Genre_Horror,2016,7,46
Genre_Horror,2016,8,44
Genre_Horror,2016,9,56
Genre_Horror,2016,10,27
Genre_Horror,2016,11,20
Genre_Horror,2016,12,16
Genre_Horror,2017,1,4
Genre_Horror,2017,2,4
Genre_Horror,2017,3,2
Genre_Horror,2017,4,0
Genre_Horror,2017,5,0
Genre_Horror,2017,6,0
Genre_Horror,2017,7,0
Genre_Horror,2017,8,0
Genre_Horror,2017,9,0
Genre_Horror,2017,10,0
Genre_Horror,2017,11,0
Genre_Horror,2017,12,0
Genre_Music,2005,1,0
Genre_Music,2005,2,0
Genre_Music,2005,3,0
Genre_Music,2005,4,0
Genre_Music,2005,5,0
Genre_Music,2005,6,0
Genre_Music,2005,7,0
Genre_Music,2005,8,0
Genre_Music,2005,9,0
Genre_Music,2005,10,0
Genre_Music,2005,11,0
Genre_Music,2005,12,0
Genre_Music,2006,1,0
Genre_Music,2006,2,0
Genre_Music,2006,3,0
Genre_Music,2006,4,0
Genre_Music,2006,5,0
Genre_Music,2006,6,3
Genre_Music,2006,7,4
Genre_Music,2006,8,4
Genre_Music,2006,9,5
Genre_Music,2006,10,2
Genre_Music,2006,11,0
Genre_Music,2006,12,0
Genre_Music,2007,1,0
Genre_Music,2007,2,0
Genre_Music,2007,3,0
Genre_Music,2007,4,0
Genre_Music,2007,5,0
Genre_Music,2007,6,0
Genre_Music,2007,7,0
Genre_Music,2007,8,0
Genre_Music,2007,9,2
Genre_Music,2007,10,5
Genre_Music,2007,11,10
Genre_Music,2007,12,11
Genre_Music,2008,1,12
Genre_Music,2008,2,10
Genre_Music,2008,3,4
Genre_Music,2008,4,4
Genre_Music,2008,5,3
Genre_Music,2008,6,0
Genre_Music,2008,7,0
Genre_Music,2008,8,0
Genre_Music,2008,9,0
Genre_Music,2008,10,0
Genre_Music,2008,11,0
Genre_Music,2008,12,0
Genre_Music,2009,1,0
Genre_Music,2009,2,0
Genre_Music,2009,3,0
Genre_Music,2009,4,0
Genre_Music,2009,5,0
Genre_Music,2009,6,0
Genre_Music,2009,7,0
Genre_Music,2009,8,0
Genre_Music,2009,9,0
Genre_Music,2009,10,0
Genre_Music,2009,11,0
Genre_Music,2009,12,0
Genre_Music,2010,1,0
Genre_Music,2010,2,0
Genre_Music,2010,3,0
Genre_Music,2010,4,0
Genre_Music,2010,5,0
Genre_Music,2010,6,0
Genre_Music,2010,7,0
Genre_Music,2010,8,0
Genre_Music,2010,9,0
Genre_Music,2010,10,0
Genre_Music,2010,11,0
Genre_Music,2010,12,0
Genre_Music,2011,1,0
Genre_Music,2011,2,0
Genre_Music,2011,3,0
Genre_Music,2011,4,0
Genre_Music,2011,5,0
Genre_Music,2011,6,0
Genre_Music,2011,7,0
Genre_Music,2011,8,2
Genre_Music,2011,9,5
Genre_Music,2011,10,4
Genre_Music,2011,11,4
Genre_Music,2011,12,5
Genre_Music,2012,1,1
Genre_Music,2012,2,0
Genre_Music,2012,3,0
Genre_Music,2012,4,0
Genre_Music,2012,5,0
Genre_Music,2012,6,0
Genre_Music,2012,7,0
Genre_Music,2012,8,5
Genre_Music,2012,9,4
Genre_Music,2012,10,4
Genre_Music,2012,11,5
Genre_Music,2012,12,4
Genre_Music,2013,1,4
Genre_Music,2013,2,2
Genre_Music,2013,3,0
Genre_Music,2013,4,0
Genre_Music,2013,5,5
Genre_Music,2013,6,4
Genre_Music,2013,7,4
Genre_Music,2013,8,5
Genre_Music,2013,9,4
Genre_Music,2013,10,2
Genre_Music,2013,11,0
Genre_Music,2013,12,0
Genre_Music,2014,1,0
Genre_Music,2014,2,0
Genre_Music,2014,3,0
Genre_Music,2014,4,0
Genre_Music,2014,5,0
Genre_Music,2014,6,1
Genre_Music,2014,7,4
Genre_Music,2014,8,8
Genre_Music,2014,9,8
Genre_Music,2014,10,10
Genre_Music,2014,11,4
Genre_Music,2014,12,4
Genre_Music,2015,1,5
Genre_Music,2015,2,4
Genre_Music,2015,3,5
Genre_Music,2015,4,4
Genre_Music,2015,5,10
Genre_Music,2015,6,8
Genre_Music,2015,7,14
Genre_Music,2015,8,8
Genre_Music,2015,9,6
Genre_Music,2015,10,4
Genre_Music,2015,11,4
Genre_Music,2015,12,4
Genre_Music,2016,1,5
Genre_Music,2016,2,6
Genre_Music,2016,3,5
Genre_Music,2016,4,9
Genre_Music,2016,5,8
Genre_Music,2016,6,8
Genre_Music,2016,7,8
Genre_Music,2016,8,0
Genre_Music,2016,9,0
Genre_Music,2016,10,3
Genre_Music,2016,11,4
Genre_Music,2016,12,5
Genre_Music,2017,1,4
Genre_Music,2017,2,4
Genre_Music,2017,3,5
Genre_Music,2017,4,3
Genre_Music,2017,5,0
Genre_Music,2017,6,0
Genre_Music,2017,7,0
Genre_Music,2017,8,0
Genre_Music,2017,9,0
Genre_Music,2017,10,0
Genre_Music,2017,11,0
Genre_Music,2017,12,0
Genre_Musical,2005,1,0
Genre_Musical,2005,2,0
Genre_Musical,2005,3,0
Genre_Musical,2005,4,0
Genre_Musical,2005,5,0
Genre_Musical,2005,6,0
Genre_Musical,2005,7,0
Genre_Musical,2005,8,0
Genre_Musical,2005,9,0
Genre_Musical,2005,10,0
Genre_Musical,2005,11,0
Genre_Musical,2005,12,0
Genre_Musical,2006,1,0
Genre_Musical,2006,2,0
Genre_Musical,2006,3,0
Genre_Musical,2006,4,0
Genre_Musical,2006,5,0
Genre_Musical,2006,6,0
Genre_Musical,2006,7,0
Genre_Musical,2006,8,0
Genre_Musical,2006,9,0
Genre_Musical,2006,10,0
Genre_Musical,2006,11,0
Genre_Musical,2006,12,0
Genre_Musical,2007,1,0
Genre_Musical,2007,2,0
Genre_Musical,2007,3,0
Genre_Musical,2007,4,0
Genre_Musical,2007,5,0
Genre_Musical,2007,6,0
Genre_Musical,2007,7,2
Genre_Musical,2007,8,5
Genre_Musical,2007,9,4
Genre_Musical,2007,10,5
Genre_Musical,2007,11,10
Genre_Musical,2007,12,5
Genre_Musical,2008,1,4
Genre_Musical,2008,2,5
Genre_Musical,2008,3,2
Genre_Musical,2008,4,0
Genre_Musical,2008,5,2
Genre_Musical,2008,6,4
Genre_Musical,2008,7,4
Genre_Musical,2008,8,5
Genre_Musical,2008,9,4
Genre_Musical,2008,10,5
Genre_Musical,2008,11,0
Genre_Musical,2008,12,0
Genre_Musical,2009,1,0
Genre_Musical,2009,2,0
Genre_Musical,2009,3,0
Genre_Musical,2009,4,0
Genre_Musical,2009,5,0
Genre_Musical,2009,6,0
Genre_Musical,2009,7,0
Genre_Musical,2009,8,0
Genre_Musical,2009,9,0
Genre_Musical,2009,10,0
Genre_Musical,2009,11,0
Genre_Musical,2009,12,0
Genre_Musical,2010,1,0
Genre_Musical,2010,2,0
Genre_Musical,2010,3,0
Genre_Musical,2010,4,0
Genre_Musical,2010,5,0
Genre_Musical,2010,6,0
Genre_Musical,2010,7,0
Genre_Musical,2010,8,0
Genre_Musical,2010,9,0
Genre_Musical,2010,10,0
Genre_Musical,2010,11,0
Genre_Musical,2010,12,0
Genre_Musical,2011,1,0
Genre_Musical,2011,2,0
Genre_Musical,2011,3,0
Genre_Musical,2011,4,0
Genre_Musical,2011,5,0
Genre_Musical,2011,6,0
Genre_Musical,2011,7,0
Genre_Musical,2011,8,0
Genre_Musical,2011,9,0
Genre_Musical,2011,10,0
Genre_Musical,2011,11,0
Genre_Musical,2011,12,0
Genre_Musical,2012,1,0
Genre_Musical,2012,2,0
Genre_Musical,2012,3,0
Genre_Musical,2012,4,2
Genre_Musical,2012,5,4
Genre_Musical,2012,6,5
Genre_Musical,2012,7,4
Genre_Musical,2012,8,2
Genre_Musical,2012,9,0
Genre_Musical,2012,10,1
Genre_Musical,2012,11,5
Genre_Musical,2012,12,4
Genre_Musical,2013,1,4
Genre_Musical,2013,2,4
Genre_Musical,2013,3,5
Genre_Musical,2013,4,0
Genre_Musical,2013,5,0
Genre_Musical,2013,6,0
Genre_Musical,2013,7,0
Genre_Musical,2013,8,0
Genre_Musical,2013,9,0
Genre_Musical,2013,10,0
Genre_Musical,2013,11,0
Genre_Musical,2013,12,0
Genre_Musical,2014,1,0
Genre_Musical,2014,2,0
Genre_Musical,2014,3,0
Genre_Musical,2014,4,0
Genre_Musical,2014,5,0
Genre_Musical,2014,6,0
Genre_Musical,2014,7,0
Genre_Musical,2014,8,0
Genre_Musical,2014,9,0
Genre_Musical,2014,10,0
Genre_Musical,2014,11,0
Genre_Musical,2014,12,0
Genre_Musical,2015,1,0
Genre_Musical,2015,2,0
Genre_Musical,2015,3,0
Genre_Musical,2015,4,0
Genre_Musical,2015,5,0
Genre_Musical,2015,6,0
Genre_Musical,2015,7,0
Genre_Musical,2015,8,0
Genre_Musical,2015,9,0
Genre_Musical,2015,10,0
Genre_Musical,2015,11,0
Genre_Musical,2015,12,0
Genre_Musical,2016,1,0
Genre_Musical,2016,2,0
Genre_Musical,2016,3,0
Genre_Musical,2016,4,0
Genre_Musical,2016,5,0
Genre_Musical,2016,6,0
Genre_Musical,2016,7,0
Genre_Musical,2016,8,0
Genre_Musical,2016,9,0
Genre_Musical,2016,10,0
Genre_Musical,2016,11,0
Genre_Musical,2016,12,0
Genre_Musical,2017,1,0
Genre_Musical,2017,2,0
Genre_Musical,2017,3,0
Genre_Musical,2017,4,0
Genre_Musical,2017,5,0
Genre_Musical,2017,6,0
Genre_Musical,2017,7,0
Genre_Musical,2017,8,0
Genre_Musical,2017,9,0
Genre_Musical,2017,10,0
Genre_Musical,2017,11,0
Genre_Musical,2017,12,0
Genre_Mystery,2005,1,0
Genre_Mystery,2005,2,0
Genre_Mystery,2005,3,0
Genre_Mystery,2005,4,0
Genre_Mystery,2005,5,0
Genre_Mystery,2005,6,0
Genre_Mystery,2005,7,0
Genre_Mystery,2005,8,0
Genre_Mystery,2005,9,0
Genre_Mystery,2005,10,0
Genre_Mystery,2005,11,0
Genre_Mystery,2005,12,0
Genre_Mystery,2006,1,1
Genre_Mystery,2006,2,8
Genre_Mystery,2006,3,17
Genre_Mystery,2006,4,16
Genre_Mystery,2006,5,17
Genre_Mystery,2006,6,25
Genre_Mystery,2006,7,14
Genre_Mystery,2006,8,11
Genre_Mystery,2006,9,14
Genre_Mystery,2006,10,12
Genre_Mystery,2006,11,12
Genre_Mystery,2006,12,12
Genre_Mystery,2007,1,9
Genre_Mystery,2007,2,9
Genre_Mystery,2007,3,20
Genre_Mystery,2007,4,16
Genre_Mystery,2007,5,14
Genre_Mystery,2007,6,19
Genre_Mystery,2007,7,16
Genre_Mystery,2007,8,12
Genre_Mystery,2007,9,12
Genre_Mystery,2007,10,15
Genre_Mystery,2007,11,14
Genre_Mystery,2007,12,7
Genre_Mystery,2008,1,4
Genre_Mystery,2008,2,5
Genre_Mystery,2008,3,4
Genre_Mystery,2008,4,5
Genre_Mystery,2008,5,5
Genre_Mystery,2008,6,8
Genre_Mystery,2008,7,7
Genre_Mystery,2008,8,8
Genre_Mystery,2008,9,8
Genre_Mystery,2008,10,10
Genre_Mystery,2008,11,8
Genre_Mystery,2008,12,8
Genre_Mystery,2009,1,6
Genre_Mystery,2009,2,4
Genre_Mystery,2009,3,4
Genre_Mystery,2009,4,6
Genre_Mystery,2009,5,10
Genre_Mystery,2009,6,8
Genre_Mystery,2009,7,11
Genre_Mystery,2009,8,12
Genre_Mystery,2009,9,12
Genre_Mystery,2009,10,12
Genre_Mystery,2009,11,8
Genre_Mystery,2009,12,6
Genre_Mystery,2010,1,15
Genre_Mystery,2010,2,17
Genre_Mystery,2010,3,20
Genre_Mystery,2010,4,25
Genre_Mystery,2010,5,20
Genre_Mystery,2010,6,15
Genre_Mystery,2010,7,15
Genre_Mystery,2010,8,16
Genre_Mystery,2010,9,13
Genre_Mystery,2010,10,13
Genre_Mystery,2010,11,8
Genre_Mystery,2010,12,8
Genre_Mystery,2011,1,10
Genre_Mystery,2011,2,18
Genre_Mystery,2011,3,20
Genre_Mystery,2011,4,25
Genre_Mystery,2011,5,17
Genre_Mystery,2011,6,16
Genre_Mystery,2011,7,8
Genre_Mystery,2011,8,4
Genre_Mystery,2011,9,4
Genre_Mystery,2011,10,8
Genre_Mystery,2011,11,12
Genre_Mystery,2011,12,12
Genre_Mystery,2012,1,11
Genre_Mystery,2012,2,12
Genre_Mystery,2012,3,11
Genre_Mystery,2012,4,11
Genre_Mystery,2012,5,10
Genre_Mystery,2012,6,13
Genre_Mystery,2012,7,12
Genre_Mystery,2012,8,19
Genre_Mystery,2012,9,17
Genre_Mystery,2012,10,12
Genre_Mystery,2012,11,10
Genre_Mystery,2012,12,9
Genre_Mystery,2013,1,4
Genre_Mystery,2013,2,11
Genre_Mystery,2013,3,18
Genre_Mystery,2013,4,21
Genre_Mystery,2013,5,29
Genre_Mystery,2013,6,19
Genre_Mystery,2013,7,17
Genre_Mystery,2013,8,26
Genre_Mystery,2013,9,22
Genre_Mystery,2013,10,16
Genre_Mystery,2013,11,18
Genre_Mystery,2013,12,16
Genre_Mystery,2014,1,21
Genre_Mystery,2014,2,22
Genre_Mystery,2014,3,24
Genre_Mystery,2014,4,20
Genre_Mystery,2014,5,24
Genre_Mystery,2014,6,13
Genre_Mystery,2014,7,10
Genre_Mystery,2014,8,27
Genre_Mystery,2014,9,20
Genre_Mystery,2014,10,23
Genre_Mystery,2014,11,16
Genre_Mystery,2014,12,21
Genre_Mystery,2015,1,25
Genre_Mystery,2015,2,13
Genre_Mystery,2015,3,5
Genre_Mystery,2015,4,5
Genre_Mystery,2015,5,8
Genre_Mystery,2015,6,18
Genre_Mystery,2015,7,20
Genre_Mystery,2015,8,13
Genre_Mystery,2015,9,9
Genre_Mystery,2015,10,9
Genre_Mystery,2015,11,9
Genre_Mystery,2015,12,15
Genre_Mystery,2016,1,27
Genre_Mystery,2016,2,28
Genre_Mystery,2016,3,29
Genre_Mystery,2016,4,31
Genre_Mystery,2016,5,24
Genre_Mystery,2016,6,13
Genre_Mystery,2016,7,13
Genre_Mystery,2016,8,14
Genre_Mystery,2016,9,18
Genre_Mystery,2016,10,12
Genre_Mystery,2016,11,12
Genre_Mystery,2016,12,11
Genre_Mystery,2017,1,4
Genre_Mystery,2017,2,4
Genre_Mystery,2017,3,1
Genre_Mystery,2017,4,0
Genre_Mystery,2017,5,0
Genre_Mystery,2017,6,0
Genre_Mystery,2017,7,0
Genre_Mystery,2017,8,0
Genre_Mystery,2017,9,0
Genre_Mystery,2017,10,0
Genre_Mystery,2017,11,0
Genre_Mystery,2017,12,0
Genre_Romance,2005,1,0
Genre_Romance,2005,2,0
Genre_Romance,2005,3,0
Genre_Romance,2005,4,0
Genre_Romance,2005,5,0
Genre_Romance,2005,6,0
Genre_Romance,2005,7,0
Genre_Romance,2005,8,0
Genre_Romance,2005,9,0
Genre_Romance,2005,10,0
Genre_Romance,2005,11,0
Genre_Romance,2005,12,0
Genre_Romance,2006,1,2
Genre_Romance,2006,2,4
Genre_Romance,2006,3,5
Genre_Romance,2006,4,8
Genre_Romance,2006,5,8
Genre_Romance,2006,6,7
Genre_Romance,2006,7,8
Genre_Romance,2006,8,8
Genre_Romance,2006,9,9
Genre_Romance,2006,10,8
Genre_Romance,2006,11,8
Genre_Romance,2006,12,10
Genre_Romance,2007,1,7
Genre_Romance,2007,2,2
Genre_Romance,2007,3,0
Genre_Romance,2007,4,4
Genre_Romance,2007,5,4
Genre_Romance,2007,6,5
Genre_Romance,2007,7,4
Genre_Romance,2007,8,9
Genre_Romance,2007,9,7
Genre_Romance,2007,10,8
Genre_Romance,2007,11,15
Genre_Romance,2007,12,11
Genre_Romance,2008,1,12
Genre_Romance,2008,2,17
Genre_Romance,2008,3,13
Genre_Romance,2008,4,13
Genre_Romance,2008,5,13
Genre_Romance,2008,6,11
Genre_Romance,2008,7,13
Genre_Romance,2008,8,18
Genre_Romance,2008,9,20
Genre_Romance,2008,10,32
Genre_Romance,2008,11,35
Genre_Romance,2008,12,39
Genre_Romance,2009,1,45
Genre_Romance,2009,2,26
Genre_Romance,2009,3,23
Genre_Romance,2009,4,12
Genre_Romance,2009,5,15
Genre_Romance,2009,6,14
Genre_Romance,2009,7,15
Genre_Romance,2009,8,12
Genre_Romance,2009,9,16
Genre_Romance,2009,10,19
Genre_Romance,2009,11,12
Genre_Romance,2009,12,4
Genre_Romance,2010,1,11
Genre_Romance,2010,2,12
Genre_Romance,2010,3,13
Genre_Romance,2010,4,16
Genre_Romance,2010,5,7
Genre_Romance,2010,6,4
Genre_Romance,2010,7,7
Genre_Romance,2010,8,9
Genre_Romance,2010,9,9
Genre_Romance,2010,10,16
Genre_Romance,2010,11,17
Genre_Romance,2010,12,26
Genre_Romance,2011,1,30
Genre_Romance,2011,2,30
Genre_Romance,2011,3,31
Genre_Romance,2011,4,37
Genre_Romance,2011,5,22
Genre_Romance,2011,6,21
Genre_Romance,2011,7,26
Genre_Romance,2011,8,30
Genre_Romance,2011,9,33
Genre_Romance,2011,10,21
Genre_Romance,2011,11,19
Genre_Romance,2011,12,20
Genre_Romance,2012,1,8
Genre_Romance,2012,2,9
Genre_Romance,2012,3,15
Genre_Romance,2012,4,13
Genre_Romance,2012,5,16
Genre_Romance,2012,6,17
Genre_Romance,2012,7,11
Genre_Romance,2012,8,17
Genre_Romance,2012,9,20
Genre_Romance,2012,10,25
Genre_Romance,2012,11,33
Genre_Romance,2012,12,38
Genre_Romance,2013,1,43
Genre_Romance,2013,2,43
Genre_Romance,2013,3,45
Genre_Romance,2013,4,33
Genre_Romance,2013,5,34
Genre_Romance,2013,6,24
Genre_Romance,2013,7,21
Genre_Romance,2013,8,25
Genre_Romance,2013,9,14
Genre_Romance,2013,10,12
Genre_Romance,2013,11,15
Genre_Romance,2013,12,22
Genre_Romance,2014,1,26
Genre_Romance,2014,2,19
Genre_Romance,2014,3,19
Genre_Romance,2014,4,21
Genre_Romance,2014,5,29
Genre_Romance,2014,6,28
Genre_Romance,2014,7,30
Genre_Romance,2014,8,32
Genre_Romance,2014,9,25
Genre_Romance,2014,10,21
Genre_Romance,2014,11,16
Genre_Romance,2014,12,15
Genre_Romance,2015,1,21
Genre_Romance,2015,2,25
Genre_Romance,2015,3,34
Genre_Romance,2015,4,31
Genre_Romance,2015,5,26
Genre_Romance,2015,6,28
Genre_Romance,2015,7,35
Genre_Romance,2015,8,23
Genre_Romance,2015,9,28
Genre_Romance,2015,10,29
Genre_Romance,2015,11,17
Genre_Romance,2015,12,24
Genre_Romance,2016,1,35
Genre_Romance,2016,2,35
Genre_Romance,2016,3,37
Genre_Romance,2016,4,34
Genre_Romance,2016,5,34
Genre_Romance,2016,6,32
Genre_Romance,2016,7,41
Genre_Romance,2016,8,32
Genre_Romance,2016,9,43
Genre_Romance,2016,10,38
Genre_Romance,2016,11,36
Genre_Romance,2016,12,34
Genre_Romance,2017,1,18
Genre_Romance,2017,2,9
Genre_Romance,2017,3,10
Genre_Romance,2017,4,3
Genre_Romance,2017,5,0
Genre_Romance,2017,6,0
Genre_Romance,2017,7,0
Genre_Romance,2017,8,0
Genre_Romance,2017,9,0
Genre_Romance,2017,10,0
Genre_Romance,2017,11,0
Genre_Romance,2017,12,0
Genre_Sci-Fi,2005,1,0
Genre_Sci-Fi,2005,2,0
Genre_Sci-Fi,2005,3,0
Genre_Sci-Fi,2005,4,0
Genre_Sci-Fi,2005,5,0
Genre_Sci-Fi,2005,6,0
Genre_Sci-Fi,2005,7,0
Genre_Sci-Fi,2005,8,0
Genre_Sci-Fi,2005,9,0
Genre_Sci-Fi,2005,10,0
Genre_Sci-Fi,2005,11,0
Genre_Sci-Fi,2005,12,0
Genre_Sci-Fi,2006,1,0
Genre_Sci-Fi,2006,2,4
Genre_Sci-Fi,2006,3,5
Genre_Sci-Fi,2006,4,4
Genre_Sci-Fi,2006,5,4
Genre_Sci-Fi,2006,6,5
Genre_Sci-Fi,2006,7,8
Genre_Sci-Fi,2006,8,9
Genre_Sci-Fi,2006,9,19
Genre_Sci-Fi,2006,10,17
Genre_Sci-Fi,2006,11,16
Genre_Sci-Fi,2006,12,20
Genre_Sci-Fi,2007,1,16
Genre_Sci-Fi,2007,2,10
Genre_Sci-Fi,2007,3,5
Genre_Sci-Fi,2007,4,4
Genre_Sci-Fi,2007,5,9
Genre_Sci-Fi,2007,6,15
Genre_Sci-Fi,2007,7,12
Genre_Sci-Fi,2007,8,12
Genre_Sci-Fi,2007,9,8
Genre_Sci-Fi,2007,10,8
Genre_Sci-Fi,2007,11,8
Genre_Sci-Fi,2007,12,11
Genre_Sci-Fi,2008,1,12
Genre_Sci-Fi,2008,2,16
Genre_Sci-Fi,2008,3,16
Genre_Sci-Fi,2008,4,14
Genre_Sci-Fi,2008,5,20
Genre_Sci-Fi,2008,6,17
Genre_Sci-Fi,2008,7,17
Genre_Sci-Fi,2008,8,20
Genre_Sci-Fi,2008,9,10
Genre_Sci-Fi,2008,10,2
Genre_Sci-Fi,2008,11,0
Genre_Sci-Fi,2008,12,0
Genre_Sci-Fi,2009,1,0
Genre_Sci-Fi,2009,2,0
Genre_Sci-Fi,2009,3,8
Genre_Sci-Fi,2009,4,11
Genre_Sci-Fi,2009,5,20
Genre_Sci-Fi,2009,6,21
Genre_Sci-Fi,2009,7,30
Genre_Sci-Fi,2009,8,24
Genre_Sci-Fi,2009,9,24
Genre_Sci-Fi,2009,10,17
Genre_Sci-Fi,2009,11,2
Genre_Sci-Fi,2009,12,0
Genre_Sci-Fi,2010,1,0
Genre_Sci-Fi,2010,2,1
Genre_Sci-Fi,2010,3,7
Genre_Sci-Fi,2010,4,10
Genre_Sci-Fi,2010,5,9
Genre_Sci-Fi,2010,6,12
Genre_Sci-Fi,2010,7,15
Genre_Sci-Fi,2010,8,10
Genre_Sci-Fi,2010,9,8
Genre_Sci-Fi,2010,10,9
Genre_Sci-Fi,2010,11,8
Genre_Sci-Fi,2010,12,12
Genre_Sci-Fi,2011,1,16
Genre_Sci-Fi,2011,2,24
Genre_Sci-Fi,2011,3,24
Genre_Sci-Fi,2011,4,38
Genre_Sci-Fi,2011,5,34
Genre_Sci-Fi,2011,6,31
Genre_Sci-Fi,2011,7,33
Genre_Sci-Fi,2011,8,24
Genre_Sci-Fi,2011,9,32
Genre_Sci-Fi,2011,10,13
Genre_Sci-Fi,2011,11,9
Genre_Sci-Fi,2011,12,7
Genre_Sci-Fi,2012,1,8
Genre_Sci-Fi,2012,2,8
Genre_Sci-Fi,2012,3,16
Genre_Sci-Fi,2012,4,19
Genre_Sci-Fi,2012,5,20
Genre_Sci-Fi,2012,6,24
Genre_Sci-Fi,2012,7,19
Genre_Sci-Fi,2012,8,26
Genre_Sci-Fi,2012,9,18
Genre_Sci-Fi,2012,10,12
Genre_Sci-Fi,2012,11,6
Genre_Sci-Fi,2012,12,4
Genre_Sci-Fi,2013,1,4
Genre_Sci-Fi,2013,2,8
Genre_Sci-Fi,2013,3,16
Genre_Sci-Fi,2013,4,24
Genre_Sci-Fi,2013,5,44
Genre_Sci-Fi,2013,6,44
Genre_Sci-Fi,2013,7,49
Genre_Sci-Fi,2013,8,53
Genre_Sci-Fi,2013,9,37
Genre_Sci-Fi,2013,10,31
Genre_Sci-Fi,2013,11,31
Genre_Sci-Fi,2013,12,19
Genre_Sci-Fi,2014,1,22
Genre_Sci-Fi,2014,2,23
Genre_Sci-Fi,2014,3,31
Genre_Sci-Fi,2014,4,37
Genre_Sci-Fi,2014,5,46
Genre_Sci-Fi,2014,6,46
Genre_Sci-Fi,2014,7,47
Genre_Sci-Fi,2014,8,51
Genre_Sci-Fi,2014,9,30
Genre_Sci-Fi,2014,10,32
Genre_Sci-Fi,2014,11,20
Genre_Sci-Fi,2014,12,20
Genre_Sci-Fi,2015,1,25
Genre_Sci-Fi,2015,2,19
Genre_Sci-Fi,2015,3,25
Genre_Sci-Fi,2015,4,27
Genre_Sci-Fi,2015,5,36
Genre_Sci-Fi,2015,6,35
Genre_Sci-Fi,2015,7,43
Genre_Sci-Fi,2015,8,31
Genre_Sci-Fi,2015,9,26
Genre_Sci-Fi,2015,10,24
Genre_Sci-Fi,2015,11,15
Genre_Sci-Fi,2015,12,21
Genre_Sci-Fi,2016,1,20
Genre_Sci-Fi,2016,2,20
Genre_Sci-Fi,2016,3,26
Genre_Sci-Fi,2016,4,31
Genre_Sci-Fi,2016,5,35
Genre_Sci-Fi,2016,6,28
Genre_Sci-Fi,2016,7,31
Genre_Sci-Fi,2016,8,20
Genre_Sci-Fi,2016,9,23
Genre_Sci-Fi,2016,10,9
Genre_Sci-Fi,2016,11,8
Genre_Sci-Fi,2016,12,10
Genre_Sci-Fi,2017,1,8
Genre_Sci-Fi,2017,2,8
Genre_Sci-Fi,2017,3,6
Genre_Sci-Fi,2017,4,4
Genre_Sci-Fi,2017,5,0
Genre_Sci-Fi,2017,6,0
Genre_Sci-Fi,2017,7,0
Genre_Sci-Fi,2017,8,0
Genre_Sci-Fi,2017,9,0
Genre_Sci-Fi,2017,10,0
Genre_Sci-Fi,2017,11,0
Genre_Sci-Fi,2017,12,0
Genre_Sport,2005,1,0
Genre_Sport,2005,2,0
Genre_Sport,2005,3,0
Genre_Sport,2005,4,0
Genre_Sport,2005,5,0
Genre_Sport,2005,6,0
Genre_Sport,2005,7,0
Genre_Sport,2005,8,0
Genre_Sport,2005,9,0
Genre_Sport,2005,10,0
Genre_Sport,2005,11,0
Genre_Sport,2005,12,0
Genre_Sport,2006,1,2
Genre_Sport,2006,2,4
Genre_Sport,2006,3,5
Genre_Sport,2006,4,4
Genre_Sport,2006,5,4
Genre_Sport,2006,6,4
Genre_Sport,2006,7,4
Genre_Sport,2006,8,4
Genre_Sport,2006,9,5
Genre_Sport,2006,10,4
Genre_Sport,2006,11,4
Genre_Sport,2006,12,5
Genre_Sport,2007,1,4
Genre_Sport,2007,2,4
Genre_Sport,2007,3,4
Genre_Sport,2007,4,0
Genre_Sport,2007,5,0
Genre_Sport,2007,6,0
Genre_Sport,2007,7,0
Genre_Sport,2007,8,0
Genre_Sport,2007,9,0
Genre_Sport,2007,10,0
Genre_Sport,2007,11,0
Genre_Sport,2007,12,0
Genre_Sport,2008,1,2
Genre_Sport,2008,2,5
Genre_Sport,2008,3,4
Genre_Sport,2008,4,4
Genre_Sport,2008,5,5
Genre_Sport,2008,6,0
Genre_Sport,2008,7,0
Genre_Sport,2008,8,0
Genre_Sport,2008,9,0
Genre_Sport,2008,10,0
Genre_Sport,2008,11,0
Genre_Sport,2008,12,0
Genre_Sport,2009,1,0
Genre_Sport,2009,2,0
Genre_Sport,2009,3,0
Genre_Sport,2009,4,0
Genre_Sport,2009,5,0
Genre_Sport,2009,6,0
Genre_Sport,2009,7,0
Genre_Sport,2009,8,0
Genre_Sport,2009,9,1
Genre_Sport,2009,10,5
Genre_Sport,2009,11,4
Genre_Sport,2009,12,4
Genre_Sport,2010,1,5
Genre_Sport,2010,2,4
Genre_Sport,2010,3,4
Genre_Sport,2010,4,5
Genre_Sport,2010,5,4
Genre_Sport,2010,6,0
Genre_Sport,2010,7,0
Genre_Sport,2010,8,0
Genre_Sport,2010,9,0
Genre_Sport,2010,10,0
Genre_Sport,2010,11,0
Genre_Sport,2010,12,0
Genre_Sport,2011,1,0
Genre_Sport,2011,2,0
Genre_Sport,2011,3,0
Genre_Sport,2011,4,0
Genre_Sport,2011,5,0
Genre_Sport,2011,6,0
Genre_Sport,2011,7,4
Genre_Sport,2011,8,8
Genre_Sport,2011,9,10
Genre_Sport,2011,10,8
Genre_Sport,2011,11,4
Genre_Sport,2011,12,5
Genre_Sport,2012,1,4
Genre_Sport,2012,2,0
Genre_Sport,2012,3,0
Genre_Sport,2012,4,0
Genre_Sport,2012,5,0
Genre_Sport,2012,6,0
Genre_Sport,2012,7,0
Genre_Sport,2012,8,0
Genre_Sport,2012,9,0
Genre_Sport,2012,10,0
Genre_Sport,2012,11,0
Genre_Sport,2012,12,0
Genre_Sport,2013,1,0
Genre_Sport,2013,2,2
Genre_Sport,2013,3,5
Genre_Sport,2013,4,4
Genre_Sport,2013,5,5
Genre_Sport,2013,6,4
Genre_Sport,2013,7,3
Genre_Sport,2013,8,0
Genre_Sport,2013,9,0
Genre_Sport,2013,10,0
Genre_Sport,2013,11,0
Genre_Sport,2013,12,0
Genre_Sport,2014,1,0
Genre_Sport,2014,2,0
Genre_Sport,2014,3,0
Genre_Sport,2014,4,0
Genre_Sport,2014,5,0
Genre_Sport,2014,6,0
Genre_Sport,2014,7,0
Genre_Sport,2014,8,0
Genre_Sport,2014,9,0
Genre_Sport,2014,10,2
Genre_Sport,2014,11,4
Genre_Sport,2014,12,4
Genre_Sport,2015,1,5
Genre_Sport,2015,2,4
Genre_Sport,2015,3,1
Genre_Sport,2015,4,0
Genre_Sport,2015,5,1
Genre_Sport,2015,6,4
Genre_Sport,2015,7,5
Genre_Sport,2015,8,4
Genre_Sport,2015,9,5
Genre_Sport,2015,10,12
Genre_Sport,2015,11,12
Genre_Sport,2015,12,12
Genre_Sport,2016,1,15
Genre_Sport,2016,2,11
Genre_Sport,2016,3,6
Genre_Sport,2016,4,4
Genre_Sport,2016,5,4
Genre_Sport,2016,6,1
Genre_Sport,2016,7,1
Genre_Sport,2016,8,4
Genre_Sport,2016,9,7
Genre_Sport,2016,10,8
Genre_Sport,2016,11,8
Genre_Sport,2016,12,7
Genre_Sport,2017,1,0
Genre_Sport,2017,2,0
Genre_Sport,2017,3,0
Genre_Sport,2017,4,0
Genre_Sport,2017,5,0
Genre_Sport,2017,6,0
Genre_Sport,2017,7,0
Genre_Sport,2017,8,0
Genre_Sport,2017,9,0
Genre_Sport,2017,10,0
Genre_Sport,2017,11,0
Genre_Sport,2017,12,0
Genre_Thriller,2005,1,0
Genre_Thriller,2005,2,0
Genre_Thriller,2005,3,0
Genre_Thriller,2005,4,0
Genre_Thriller,2005,5,0
Genre_Thriller,2005,6,0
Genre_Thriller,2005,7,0
Genre_Thriller,2005,8,0
Genre_Thriller,2005,9,0
Genre_Thriller,2005,10,0
Genre_Thriller,2005,11,0
Genre_Thriller,2005,12,3
Genre_Thriller,2006,1,4
Genre_Thriller,2006,2,4
Genre_Thriller,2006,3,11
Genre_Thriller,2006,4,14
Genre_Thriller,2006,5,16
Genre_Thriller,2006,6,20
Genre_Thriller,2006,7,14
Genre_Thriller,2006,8,14
Genre_Thriller,2006,9,11
Genre_Thriller,2006,10,20
Genre_Thriller,2006,11,24
Genre_Thriller,2006,12,29
Genre_Thriller,2007,1,25
Genre_Thriller,2007,2,31
Genre_Thriller,2007,3,32
Genre_Thriller,2007,4,25
Genre_Thriller,2007,5,23
Genre_Thriller,2007,6,32
Genre_Thriller,2007,7,24
Genre_Thriller,2007,8,22
Genre_Thriller,2007,9,17
Genre_Thriller,2007,10,14
Genre_Thriller,2007,11,11
Genre_Thriller,2007,12,12
Genre_Thriller,2008,1,13
Genre_Thriller,2008,2,19
Genre_Thriller,2008,3,15
Genre_Thriller,2008,4,16
Genre_Thriller,2008,5,22
Genre_Thriller,2008,6,17
Genre_Thriller,2008,7,17
Genre_Thriller,2008,8,23
Genre_Thriller,2008,9,20
Genre_Thriller,2008,10,19
Genre_Thriller,2008,11,13
Genre_Thriller,2008,12,13
Genre_Thriller,2009,1,5
Genre_Thriller,2009,2,4
Genre_Thriller,2009,3,4
Genre_Thriller,2009,4,4
Genre_Thriller,2009,5,6
Genre_Thriller,2009,6,10
Genre_Thriller,2009,7,10
Genre_Thriller,2009,8,10
Genre_Thriller,2009,9,12
Genre_Thriller,2009,10,14
Genre_Thriller,2009,11,8
Genre_Thriller,2009,12,10
Genre_Thriller,2010,1,20
Genre_Thriller,2010,2,20
Genre_Thriller,2010,3,18
Genre_Thriller,2010,4,18
Genre_Thriller,2010,5,12
Genre_Thriller,2010,6,10
Genre_Thriller,2010,7,17
Genre_Thriller,2010,8,19
Genre_Thriller,2010,9,19
Genre_Thriller,2010,10,27
Genre_Thriller,2010,11,17
Genre_Thriller,2010,12,17
Genre_Thriller,2011,1,18
Genre_Thriller,2011,2,23
Genre_Thriller,2011,3,25
Genre_Thriller,2011,4,34
Genre_Thriller,2011,5,20
Genre_Thriller,2011,6,18
Genre_Thriller,2011,7,20
Genre_Thriller,2011,8,15
Genre_Thriller,2011,9,24
Genre_Thriller,2011,10,22
Genre_Thriller,2011,11,24
Genre_Thriller,2011,12,29
Genre_Thriller,2012,1,24
Genre_Thriller,2012,2,28
Genre_Thriller,2012,3,27
Genre_Thriller,2012,4,13
Genre_Thriller,2012,5,15
Genre_Thriller,2012,6,20
Genre_Thriller,2012,7,17
Genre_Thriller,2012,8,25
Genre_Thriller,2012,9,22
Genre_Thriller,2012,10,26
Genre_Thriller,2012,11,39
Genre_Thriller,2012,12,32
Genre_Thriller,2013,1,34
Genre_Thriller,2013,2,33
Genre_Thriller,2013,3,25
Genre_Thriller,2013,4,24
Genre_Thriller,2013,5,38
Genre_Thriller,2013,6,28
Genre_Thriller,2013,7,30
Genre_Thriller,2013,8,43
Genre_Thriller,2013,9,31
Genre_Thriller,2013,10,28
Genre_Thriller,2013,11,30
Genre_Thriller,2013,12,33
Genre_Thriller,2014,1,38
Genre_Thriller,2014,2,22
Genre_Thriller,2014,3,16
Genre_Thriller,2014,4,14
Genre_Thriller,2014,5,10
Genre_Thriller,2014,6,11
Genre_Thriller,2014,7,14
Genre_Thriller,2014,8,30
Genre_Thriller,2014,9,32
Genre_Thriller,2014,10,38
Genre_Thriller,2014,11,25
Genre_Thriller,2014,12,26
Genre_Thriller,2015,1,34
Genre_Thriller,2015,2,39
Genre_Thriller,2015,3,46
Genre_Thriller,2015,4,44
Genre_Thriller,2015,5,31
Genre_Thriller,2015,6,37
Genre_Thriller,2015,7,37
Genre_Thriller,2015,8,27
Genre_Thriller,2015,9,31
Genre_Thriller,2015,10,34
Genre_Thriller,2015,11,24
Genre_Thriller,2015,12,31
Genre_Thriller,2016,1,40
Genre_Thriller,2016,2,38
Genre_Thriller,2016,3,40
Genre_Thriller,2016,4,36
Genre_Thriller,2016,5,32
Genre_Thriller,2016,6,30
Genre_Thriller,2016,7,61
Genre_Thriller,2016,8,60
Genre_Thriller,2016,9,78
Genre_Thriller,2016,10,58
Genre_Thriller,2016,11,48
Genre_Thriller,2016,12,39
Genre_Thriller,2017,1,11
Genre_Thriller,2017,2,8
Genre_Thriller,2017,3,6
Genre_Thriller,2017,4,1
Genre_Thriller,2017,5,0
Genre_Thriller,2017,6,0
Genre_Thriller,2017,7,0
Genre_Thriller,2017,8,0
Genre_Thriller,2017,9,0
Genre_Thriller,2017,10,0
Genre_Thriller,2017,11,0
Genre_Thriller,2017,12,0
Genre_War,2005,1,0
Genre_War,2005,2,0
Genre_War,2005,3,0
Genre_War,2005,4,0
Genre_War,2005,5,0
Genre_War,2005,6,0
Genre_War,2005,7,0
Genre_War,2005,8,0
Genre_War,2005,9,0
Genre_War,2005,10,0
Genre_War,2005,11,0
Genre_War,2005,12,0
Genre_War,2006,1,3
Genre_War,2006,2,4
Genre_War,2006,3,5
Genre_War,2006,4,4
Genre_War,2006,5,4
Genre_War,2006,6,5
Genre_War,2006,7,1
Genre_War,2006,8,0
Genre_War,2006,9,0
Genre_War,2006,10,0
Genre_War,2006,11,4
Genre_War,2006,12,5
Genre_War,2007,1,4
Genre_War,2007,2,4
Genre_War,2007,3,5
Genre_War,2007,4,4
Genre_War,2007,5,4
Genre_War,2007,6,2
Genre_War,2007,7,0
Genre_War,2007,8,0
Genre_War,2007,9,0
Genre_War,2007,10,0
Genre_War,2007,11,1
Genre_War,2007,12,4
Genre_War,2008,1,4
Genre_War,2008,2,5
Genre_War,2008,3,3
Genre_War,2008,4,0
Genre_War,2008,5,0
Genre_War,2008,6,0
Genre_War,2008,7,0
Genre_War,2008,8,0
Genre_War,2008,9,3
Genre_War,2008,10,5
Genre_War,2008,11,4
Genre_War,2008,12,4
Genre_War,2009,1,3
Genre_War,2009,2,0
Genre_War,2009,3,0
Genre_War,2009,4,0
Genre_War,2009,5,0
Genre_War,2009,6,2
Genre_War,2009,7,5
Genre_War,2009,8,4
Genre_War,2009,9,4
Genre_War,2009,10,5
Genre_War,2009,11,4
Genre_War,2009,12,2
Genre_War,2010,1,0
Genre_War,2010,2,1
Genre_War,2010,3,4
Genre_War,2010,4,5
Genre_War,2010,5,4
Genre_War,2010,6,4
Genre_War,2010,7,5
Genre_War,2010,8,4
Genre_War,2010,9,4
Genre_War,2010,10,0
Genre_War,2010,11,0
Genre_War,2010,12,0
Genre_War,2011,1,0
Genre_War,2011,2,0
Genre_War,2011,3,0
Genre_War,2011,4,0
Genre_War,2011,5,0
Genre_War,2011,6,0
Genre_War,2011,7,0
Genre_War,2011,8,0
Genre_War,2011,9,0
Genre_War,2011,10,0
Genre_War,2011,11,0
Genre_War,2011,12,0
Genre_War,2012,1,0
Genre_War,2012,2,0
Genre_War,2012,3,0
Genre_War,2012,4,0
Genre_War,2012,5,0
Genre_War,2012,6,0
Genre_War,2012,7,0
Genre_War,2012,8,0
Genre_War,2012,9,0
Genre_War,2012,10,0
Genre_War,2012,11,0
Genre_War,2012,12,0
Genre_War,2013,1,0
Genre_War,2013,2,0
Genre_War,2013,3,0
Genre_War,2013,4,0
Genre_War,2013,5,0
Genre_War,2013,6,0
Genre_War,2013,7,0
Genre_War,2013,8,0
Genre_War,2013,9,0
Genre_War,2013,10,0
Genre_War,2013,11,0
Genre_War,2013,12,0
Genre_War,2014,1,0
Genre_War,2014,2,0
Genre_War,2014,3,0
Genre_War,2014,4,0
Genre_War,2014,5,0
Genre_War,2014,6,0
Genre_War,2014,7,0
Genre_War,2014,8,2
Genre_War,2014,9,4
Genre_War,2014,10,5
Genre_War,2014,11,4
Genre_War,2014,12,4
Genre_War,2015,1,5
Genre_War,2015,2,4
Genre_War,2015,3,4
Genre_War,2015,4,5
Genre_War,2015,5,4
Genre_War,2015,6,4
Genre_War,2015,7,3
Genre_War,2015,8,0
Genre_War,2015,9,0
Genre_War,2015,10,4
Genre_War,2015,11,4
Genre_War,2015,12,4
Genre_War,2016,1,8
Genre_War,2016,2,7
Genre_War,2016,3,5
Genre_War,2016,4,4
Genre_War,2016,5,4
Genre_War,2016,6,3
Genre_War,2016,7,0
Genre_War,2016,8,0
Genre_War,2016,9,3
Genre_War,2016,10,4
Genre_War,2016,11,4
Genre_War,2016,12,2
Genre_War,2017,1,0
Genre_War,2017,2,0
Genre_War,2017,3,0
Genre_War,2017,4,0
Genre_War,2017,5,0
Genre_War,2017,6,0
Genre_War,2017,7,0
Genre_War,2017,8,0
Genre_War,2017,9,0
Genre_War,2017,10,0
Genre_War,2017,11,0
Genre_War,2017,12,0
Genre_Western,2005,1,0
Genre_Western,2005,2,0
Genre_Western,2005,3,0
Genre_Western,2005,4,0
Genre_Western,2005,5,0
Genre_Western,2005,6,0
Genre_Western,2005,7,0
Genre_Western,2005,8,0
Genre_Western,2005,9,0
Genre_Western,2005,10,0
Genre_Western,2005,11,0
Genre_Western,2005,12,0
Genre_Western,2006,1,0
Genre_Western,2006,2,0
Genre_Western,2006,3,0
Genre_Western,2006,4,0
Genre_Western,2006,5,0
Genre_Western,2006,6,0
Genre_Western,2006,7,0
Genre_Western,2006,8,0
Genre_Western,2006,9,0
Genre_Western,2006,10,0
Genre_Western,2006,11,0
Genre_Western,2006,12,0
Genre_Western,2007,1,0
Genre_Western,2007,2,0
Genre_Western,2007,3,0
Genre_Western,2007,4,0
Genre_Western,2007,5,0
Genre_Western,2007,6,0
Genre_Western,2007,7,0
Genre_Western,2007,8,0
Genre_Western,2007,9,0
Genre_Western,2007,10,0
Genre_Western,2007,11,0
Genre_Western,2007,12,0
Genre_Western,2008,1,0
Genre_Western,2008,2,0
Genre_Western,2008,3,0
Genre_Western,2008,4,0
Genre_Western,2008,5,0
Genre_Western,2008,6,0
Genre_Western,2008,7,0
Genre_Western,2008,8,0
Genre_Western,2008,9,0
Genre_Western,2008,10,0
Genre_Western,2008,11,0
Genre_Western,2008,12,0
Genre_Western,2009,1,0
Genre_Western,2009,2,0
Genre_Western,2009,3,0
Genre_Western,2009,4,0
Genre_Western,2009,5,0
Genre_Western,2009,6,0
Genre_Western,2009,7,0
Genre_Western,2009,8,0
Genre_Western,2009,9,0
Genre_Western,2009,10,0
Genre_Western,2009,11,0
Genre_Western,2009,12,0
Genre_Western,2010,1,0
Genre_Western,2010,2,0
Genre_Western,2010,3,0
Genre_Western,2010,4,0
Genre_Western,2010,5,0
Genre_Western,2010,6,0
Genre_Western,2010,7,0
Genre_Western,2010,8,0
Genre_Western,2010,9,0
Genre_Western,2010,10,2
Genre_Western,2010,11,4
Genre_Western,2010,12,5
Genre_Western,2011,1,4
Genre_Western,2011,2,4
Genre_Western,2011,3,4
Genre_Western,2011,4,4
Genre_Western,2011,5,0
Genre_Western,2011,6,0
Genre_Western,2011,7,0
Genre_Western,2011,8,0
Genre_Western,2011,9,0
Genre_Western,2011,10,0
Genre_Western,2011,11,0
Genre_Western,2011,12,0
Genre_Western,2012,1,0
Genre_Western,2012,2,0
Genre_Western,2012,3,0
Genre_Western,2012,4,0
Genre_Western,2012,5,0
Genre_Western,2012,6,0
Genre_Western,2012,7,0
Genre_Western,2012,8,0
Genre_Western,2012,9,0
Genre_Western,2012,10,1
Genre_Western,2012,11,5
Genre_Western,2012,12,4
Genre_Western,2013,1,4
Genre_Western,2013,2,4
Genre_Western,2013,3,5
Genre_Western,2013,4,4
Genre_Western,2013,5,7
Genre_Western,2013,6,4
Genre_Western,2013,7,4
Genre_Western,2013,8,5
Genre_Western,2013,9,4
Genre_Western,2013,10,1
Genre_Western,2013,11,0
Genre_Western,2013,12,0
Genre_Western,2014,1,0
Genre_Western,2014,2,0
Genre_Western,2014,3,0
Genre_Western,2014,4,4
Genre_Western,2014,5,5
Genre_Western,2014,6,4
Genre_Western,2014,7,2
Genre_Western,2014,8,0
Genre_Western,2014,9,0
Genre_Western,2014,10,0
Genre_Western,2014,11,0
Genre_Western,2014,12,0
Genre_Western,2015,1,0
Genre_Western,2015,2,0
Genre_Western,2015,3,0
Genre_Western,2015,4,0
Genre_Western,2015,5,0
Genre_Western,2015,6,0
Genre_Western,2015,7,0
Genre_Western,2015,8,0
Genre_Western,2015,9,0
Genre_Western,2015,10,0
Genre_Western,2015,11,0
Genre_Western,2015,12,0
Genre_Western,2016,1,0
Genre_Western,2016,2,0
Genre_Western,2016,3,0
Genre_Western,2016,4,0
Genre_Western,2016,5,0
Genre_Western,2016,6,0
Genre_Western,2016,7,1
Genre_Western,2016,8,4
Genre_Western,2016,9,5
Genre_Western,2016,10,4
Genre_Western,2016,11,4
Genre_Western,2016,12,5
Genre_Western,2017,1,0
Genre_Western,2017,2,0
Genre_Western,2017,3,0
Genre_Western,2017,4,0
Genre_Western,2017,5,0
Genre_Western,2017,6,0
Genre_Western,2017,7,0
Genre_Western,2017,8,0
Genre_Western,2017,9,0
Genre_Western,2017,10,0
Genre_Western,2017,11,0
Genre_Western,2017,12,0
