Movie_Name,Week_Number,Genre_ Drama,Genre_Action,Genre_Adventure,Genre_Animation,Genre_Biography,Genre_Comedy,Genre_Crime,Genre_Drama,Genre_Family,Genre_Fantasy,Genre_History,Genre_Horror,Genre_Music,Genre_Musical,Genre_Mystery,Genre_Romance,Genre_Sci-Fi,Genre_Sport,Genre_Thriller,Genre_War,Genre_Western
(500) Days of Summer,-30.0,0,0,0,0,0,1,0,1,0,0,0,0,0,0,0,1,0,0,0,0,0
10 Cloverfield Lane,-30.0,0,0,0,0,0,0,0,1,0,0,0,1,0,0,1,0,0,0,0,0,0
10 Years,-30.0,0,0,0,0,0,1,0,1,0,0,0,0,0,0,0,1,0,0,0,0,0
12 Years a Slave,-30.0,0,0,0,0,1,0,0,1,0,0,1,0,0,0,0,0,0,0,0,0,0
127 Hours,-30.0,0,0,1,0,1,0,0,1,0,0,0,0,0,0,0,0,0,0,0,0,0
13 Hours,-30.0,0,1,0,0,0,0,0,1,0,0,1,0,0,0,0,0,0,0,0,0,0
1408,-30.0,0,0,0,0,0,0,0,0,0,1,0,1,0,0,0,0,0,0,0,0,0
17 Again,-30.0,0,0,0,0,0,1,0,1,1,0,0,0,0,0,0,0,0,0,0,0,0
20th Century Women,-30.0,0,0,0,0,0,1,0,1,0,0,0,0,0,0,0,0,0,0,0,0,0
21,-30.0,0,0,0,0,0,0,1,1,0,0,0,0,0,0,0,0,0,0,1,0,0
21 Jump Street,-30.0,0,1,0,0,0,1,1,0,0,0,0,0,0,0,0,0,0,0,0,0,0
22 Jump Street,-30.0,0,1,0,0,0,1,1,0,0,0,0,0,0,0,0,0,0,0,0,0,0
28 Weeks Later,-30.0,0,0,0,0,0,0,0,1,0,0,0,1,0,0,0,0,1,0,0,0,0
3 Days to Kill,-30.0,0,1,0,0,0,0,0,1,0,0,0,0,0,0,0,0,0,0,1,0,0
3 Idiots,-30.0,0,0,0,0,0,1,0,1,0,0,0,0,0,0,0,0,0,0,0,0,0
300,-30.0,0,1,0,0,0,0,0,0,0,1,0,0,0,0,0,0,0,0,0,1,0
300: Rise of an Empire,-30.0,0,1,0,0,0,0,0,1,0,1,0,0,0,0,0,0,0,0,0,0,0
31,-30.0,0,0,0,0,0,0,0,0,0,0,0,1,0,0,0,0,0,0,1,0,0
42,-30.0,0,0,0,0,1,0,0,1,0,0,0,0,0,0,0,0,0,1,0,0,0
50/50,-30.0,0,0,0,0,0,1,0,1,0,0,0,0,0,0,0,1,0,0,0,0,0
A Bigger Splash,-30.0,0,0,0,0,0,0,0,1,0,0,0,0,0,0,0,0,0,0,1,0,0
A Cure for Wellness,-30.0,0,0,0,0,0,0,0,1,0,1,0,1,0,0,0,0,0,0,0,0,0
A Good Year,-30.0,0,0,0,0,0,1,0,1,0,0,0,0,0,0,0,1,0,0,0,0,0
A Hologram for the King,-30.0,0,0,0,0,0,1,0,1,0,0,0,0,0,0,0,0,0,0,0,0,0
A Kind of Murder,-30.0,0,0,0,0,0,0,1,1,0,0,0,0,0,0,0,0,0,0,1,0,0
A Million Ways to Die in the West,-30.0,0,0,0,0,0,1,0,0,0,0,0,0,0,0,0,1,0,0,0,0,1
A Monster Calls,-30.0,0,0,0,0,0,0,0,1,0,1,0,0,0,0,0,0,0,0,0,0,0
A Quiet Passion,-30.0,0,0,0,0,1,0,0,1,0,0,0,0,0,0,0,0,0,0,0,0,0
A United Kingdom,-30.0,0,0,0,0,1,0,0,1,0,0,0,0,0,0,0,1,0,0,0,0,0
A Walk Among the Tombstones,-30.0,0,0,0,0,0,0,1,1,0,0,0,0,0,0,1,0,0,0,0,0,0
About Time,-30.0,0,0,0,0,0,1,0,1,0,1,0,0,0,0,0,0,0,0,0,0,0
Absolutely Anything,-30.0,0,0,0,0,0,1,0,0,0,0,0,0,0,0,0,0,1,0,0,0,0
Across the Universe,-30.0,0,0,0,0,0,0,0,1,0,1,0,0,0,1,0,0,0,0,0,0,0
Adoration,-30.0,0,0,0,0,0,0,0,1,0,0,0,0,0,0,0,1,0,0,0,0,0
After Earth,-30.0,0,1,1,0,0,0,0,0,0,0,0,0,0,0,0,0,1,0,0,0,0
Alice Through the Looking Glass,-30.0,0,0,1,0,0,0,0,0,1,1,0,0,0,0,0,0,0,0,0,0,0
Alice in Wonderland,-30.0,0,0,1,0,0,0,0,0,1,1,0,0,0,0,0,0,0,0,0,0,0
All Good Things,-30.0,0,0,0,0,0,0,1,1,0,0,0,0,0,0,1,0,0,0,0,0,0
Allegiant,-30.0,0,1,1,0,0,0,0,0,0,0,0,0,0,0,1,0,0,0,0,0,0
Allied,-30.0,0,1,0,0,0,0,0,1,0,0,0,0,0,0,0,1,0,0,0,0,0
American Gangster,-30.0,0,0,0,0,1,0,1,1,0,0,0,0,0,0,0,0,0,0,0,0,0
American Honey,-30.0,0,0,0,0,0,0,0,1,0,0,0,0,0,0,0,0,0,0,0,0,0
American Hustle,-30.0,0,0,0,0,0,0,1,1,0,0,0,0,0,0,0,0,0,0,0,0,0
American Pastoral,-30.0,0,0,0,0,0,0,1,1,0,0,0,0,0,0,0,0,0,0,0,0,0
American Reunion,-30.0,0,0,0,0,0,1,0,0,0,0,0,0,0,0,0,0,0,0,0,0,0
American Sniper,-30.0,0,1,0,0,1,0,0,1,0,0,0,0,0,0,0,0,0,0,0,0,0
Angry Birds,-30.0,0,1,1,1,0,0,0,0,0,0,0,0,0,0,0,0,0,0,0,0,0
Anna Karenina,-30.0,0,0,0,0,0,0,0,1,0,0,0,0,0,0,0,1,0,0,0,0,0
Annabelle,-30.0,0,0,0,0,0,0,0,0,0,0,0,1,0,0,1,0,0,0,1,0,0
Annie,-30.0,0,0,0,0,0,1,0,1,1,0,0,0,0,0,0,0,0,0,0,0,0
Ant-Man,-30.0,0,1,1,0,0,1,0,0,0,0,0,0,0,0,0,0,0,0,0,0,0
Anthropoid,-30.0,0,0,0,0,1,0,0,0,0,0,1,0,0,0,0,0,0,0,1,0,0
Antichrist,-30.0,0,0,0,0,0,0,0,1,0,0,0,1,0,0,0,0,0,0,0,0,0
Apocalypto,-30.0,0,1,1,0,0,0,0,1,0,0,0,0,0,0,0,0,0,0,0,0,0
Argo,-30.0,0,0,0,0,1,0,0,1,0,0,1,0,0,0,0,0,0,0,0,0,0
Arrival,-30.0,0,0,0,0,0,0,0,1,0,0,0,0,0,0,1,0,1,0,0,0,0
Assassin's Creed,-30.0,0,1,1,0,0,0,0,1,0,0,0,0,0,0,0,0,0,0,0,0,0
Atonement,-30.0,0,0,0,0,0,0,0,1,0,0,0,0,0,0,1,1,0,0,0,0,0
August Rush,-30.0,0,0,0,0,0,0,0,1,0,0,0,0,1,0,0,0,0,0,0,0,0
Australia,-30.0,0,0,1,0,0,0,0,1,0,0,0,0,0,0,0,1,0,0,0,0,0
Avatar,-30.0,0,1,1,0,0,0,0,0,0,1,0,0,0,0,0,0,0,0,0,0,0
Avengers: Age of Ultron,-30.0,0,1,1,0,0,0,0,0,0,0,0,0,0,0,0,0,1,0,0,0,0
Babel,-30.0,0,0,0,0,0,0,0,1,0,0,0,0,0,0,0,0,0,0,0,0,0
Bad Moms,-30.0,0,0,0,0,0,1,0,0,0,0,0,0,0,0,0,0,0,0,0,0,0
Ballerina,-30.0,0,0,1,1,0,1,0,0,0,0,0,0,0,0,0,0,0,0,0,0,0
Barbershop: The Next Cut,-30.0,0,0,0,0,0,1,0,1,0,0,0,0,0,0,0,0,0,0,0,0,0
Batman v Superman: Dawn of Justice,-30.0,0,1,1,0,0,0,0,0,0,0,0,0,0,0,0,0,1,0,0,0,0
Battleship,-30.0,0,1,1,0,0,0,0,0,0,0,0,0,0,0,0,0,1,0,0,0,0
Beautiful Creatures,-30.0,0,0,0,0,0,0,0,1,0,1,0,0,0,0,0,1,0,0,0,0,0
Before We Go,-30.0,0,0,0,0,0,1,0,1,0,0,0,0,0,0,0,1,0,0,0,0,0
Begin Again,-30.0,0,0,0,0,0,0,0,1,0,0,0,0,1,0,0,0,0,0,0,0,0
Ben-Hur,-30.0,0,1,1,0,0,0,0,1,0,0,0,0,0,0,0,0,0,0,0,0,0
Beowulf,-30.0,0,1,1,1,0,0,0,0,0,0,0,0,0,0,0,0,0,0,0,0,0
Big Hero 6,-30.0,0,1,1,1,0,0,0,0,0,0,0,0,0,0,0,0,0,0,0,0,0
Billy Lynn's Long Halftime Walk,-30.0,0,0,0,0,0,0,0,1,0,0,0,0,0,0,0,0,0,0,0,1,0
Birdman,-30.0,0,0,0,0,0,1,0,1,0,0,0,0,0,0,0,1,0,0,0,0,0
Birth of the Dragon,-30.0,0,1,0,0,1,0,0,1,0,0,0,0,0,0,0,0,0,0,0,0,0
Black Mass,-30.0,0,0,0,0,1,0,1,1,0,0,0,0,0,0,0,0,0,0,0,0,0
Black Swan,-30.0,0,0,0,0,0,0,0,1,0,0,0,0,0,0,0,0,0,0,1,0,0
Blackhat,-30.0,0,0,0,0,0,0,1,1,0,0,0,0,0,0,1,0,0,0,0,0,0
Blair Witch,-30.0,0,0,0,0,0,0,0,0,0,0,0,1,0,0,0,0,0,0,1,0,0
Bleed for This,-30.0,0,0,0,0,1,0,0,1,0,0,0,0,0,0,0,0,0,1,0,0,0
Blended,-30.0,0,0,0,0,0,1,0,0,0,0,0,0,0,0,0,1,0,0,0,0,0
Blood Diamond,-30.0,0,0,1,0,0,0,0,1,0,0,0,0,0,0,0,0,0,0,1,0,0
Blue Jasmine,-30.0,0,0,0,0,0,0,0,1,0,0,0,0,0,0,0,0,0,0,0,0,0
Blue Valentine,-30.0,0,0,0,0,0,0,0,1,0,0,0,0,0,0,0,1,0,0,0,0,0
Body of Lies,-30.0,0,1,0,0,0,0,0,1,0,0,0,0,0,0,0,1,0,0,0,0,0
Boyhood,-30.0,0,0,0,0,0,0,0,1,0,0,0,0,0,0,0,0,0,0,0,0,0
Brave,-30.0,0,0,1,1,0,1,0,0,0,0,0,0,0,0,0,0,0,0,0,0,0
Bride Wars,-30.0,0,0,0,0,0,1,0,0,0,0,0,0,0,0,0,1,0,0,0,0,0
Bridesmaids,-30.0,0,0,0,0,0,1,0,0,0,0,0,0,0,0,0,1,0,0,0,0,0
Bridge of Spies,-30.0,0,0,0,0,0,0,0,1,0,0,1,0,0,0,0,0,0,0,1,0,0
Bridge to Terabithia,-30.0,0,0,1,0,0,0,0,1,1,0,0,0,0,0,0,0,0,0,0,0,0
Bridget Jones's Baby,-30.0,0,0,0,0,0,1,0,0,0,0,0,0,0,0,0,1,0,0,0,0,0
Bronson,-30.0,0,1,0,0,1,0,1,0,0,0,0,0,0,0,0,0,0,0,0,0,0
Brooklyn,-30.0,0,0,0,0,0,0,0,1,0,0,0,0,0,0,0,1,0,0,0,0,0
Burnt,-30.0,0,0,0,0,0,1,0,1,0,0,0,0,0,0,0,0,0,0,0,0,0
Cafe Society,-30.0,0,0,0,0,0,1,0,1,0,0,0,0,0,0,0,1,0,0,0,0,0
Captain America: Civil War,-30.0,0,1,1,0,0,0,0,0,0,0,0,0,0,0,0,0,1,0,0,0,0
Captain America: The First Avenger,-30.0,0,1,1,0,0,0,0,0,0,0,0,0,0,0,0,0,1,0,0,0,0
Captain America: The Winter Soldier,-30.0,0,1,1,0,0,0,0,0,0,0,0,0,0,0,0,0,1,0,0,0,0
Captain Fantastic,-30.0,0,0,0,0,0,1,0,1,0,0,0,0,0,0,0,0,0,0,0,0,0
Captain Phillips,-30.0,0,0,0,0,1,0,0,1,0,0,0,0,0,0,0,0,0,0,1,0,0
Carol,-30.0,0,0,0,0,0,0,0,1,0,0,0,0,0,0,0,1,0,0,0,0,0
Carrie,-30.0,0,0,0,0,0,0,0,1,0,0,0,1,0,0,0,0,0,0,0,0,0
Cars,-30.0,0,0,1,1,0,1,0,0,0,0,0,0,0,0,0,0,0,0,0,0,0
Cars 2,-30.0,0,0,1,1,0,1,0,0,0,0,0,0,0,0,0,0,0,0,0,0,0
Casino Royale,-30.0,0,1,1,0,0,0,0,0,0,0,0,0,0,0,0,0,0,0,1,0,0
Central Intelligence,-30.0,0,1,0,0,0,1,1,0,0,0,0,0,0,0,0,0,0,0,0,0,0
Centurion,-30.0,0,1,1,0,0,0,0,1,0,0,0,0,0,0,0,0,0,0,0,0,0
Changeling,-30.0,0,0,0,0,1,0,0,1,0,0,0,0,0,0,1,0,0,0,0,0,0
Chappie,-30.0,0,1,0,0,0,0,1,1,0,0,0,0,0,0,0,0,0,0,0,0,0
Chef,-30.0,0,0,0,0,0,1,0,1,0,0,0,0,0,0,0,0,0,0,0,0,0
Child 44,-30.0,0,0,0,0,0,0,1,1,0,0,0,0,0,0,0,0,0,0,1,0,0
Children of Men,-30.0,0,0,0,0,0,0,0,1,0,0,0,0,0,0,0,0,1,0,1,0,0
Christine,-30.0,0,0,0,0,1,0,0,1,0,0,0,0,0,0,0,0,0,0,0,0,0
Chuck,-30.0,0,0,0,0,1,0,0,1,0,0,0,0,0,0,0,0,0,1,0,0,0
Cinderella,-30.0,0,0,0,0,0,0,0,1,1,1,0,0,0,0,0,0,0,0,0,0,0
Clash of the Titans,-30.0,0,1,1,0,0,0,0,0,0,1,0,0,0,0,0,0,0,0,0,0,0
Closed Circuit,-30.0,0,0,0,0,0,0,1,1,0,0,0,0,0,0,1,0,0,0,0,0,0
Cloud Atlas,-30.0,0,0,0,0,0,0,0,1,0,0,0,0,0,0,0,0,1,0,0,0,0
Cloverfield,-30.0,0,1,0,0,0,0,0,0,0,0,0,1,0,0,0,0,1,0,0,0,0
Clown,-30.0,0,0,0,0,0,0,0,0,0,0,0,1,0,0,0,0,0,0,1,0,0
Coherence,-30.0,0,0,0,0,0,0,0,0,0,0,0,0,0,0,1,0,1,0,1,0,0
Collateral Beauty,-30.0,0,0,0,0,0,0,0,1,0,0,0,0,0,0,0,1,0,0,0,0,0
Collide,-30.0,0,1,0,0,0,0,1,0,0,0,0,0,0,0,0,0,0,0,1,0,0
Colonia,-30.0,0,0,0,0,0,0,0,1,0,0,0,0,0,0,0,1,0,0,1,0,0
Colossal,-30.0,0,1,0,0,0,1,0,1,0,0,0,0,0,0,0,0,0,0,0,0,0
Conan the Barbarian,-30.0,0,1,1,0,0,0,0,0,0,1,0,0,0,0,0,0,0,0,0,0,0
Concussion,-30.0,0,0,0,0,1,0,0,1,0,0,0,0,0,0,0,0,0,1,0,0,0
Contagion,-30.0,0,0,0,0,0,0,0,1,0,0,0,0,0,0,0,0,0,0,1,0,0
Coraline,-30.0,0,0,0,1,0,0,0,0,1,1,0,0,0,0,0,0,0,0,0,0,0
Couples Retreat,-30.0,0,0,0,0,0,1,0,0,0,0,0,0,0,0,0,0,0,0,0,0,0
Creed,-30.0,0,0,0,0,0,0,0,1,0,0,0,0,0,0,0,0,0,1,0,0,0
Criminal,-30.0,0,1,0,0,0,0,1,1,0,0,0,0,0,0,0,0,0,0,0,0,0
Crimson Peak,-30.0,0,0,0,0,0,0,0,1,0,1,0,1,0,0,0,0,0,0,0,0,0
Daddy's Home,-30.0,0,0,0,0,0,1,0,0,1,0,0,0,0,0,0,0,0,0,0,0,0
Dallas Buyers Club,-30.0,0,0,0,0,1,0,0,1,0,0,0,0,0,0,0,0,0,0,0,0,0
Dangal,-30.0,0,1,0,0,1,0,0,1,0,0,0,0,0,0,0,0,0,0,0,0,0
Dark Places,-30.0,0,0,0,0,0,0,0,1,0,0,0,0,0,0,1,0,0,0,1,0,0
Dark Shadows,-30.0,0,0,0,0,0,1,0,0,0,1,0,1,0,0,0,0,0,0,0,0,0
Dawn of the Planet of the Apes,-30.0,0,1,1,0,0,0,0,1,0,0,0,0,0,0,0,0,0,0,0,0,0
Dead Awake,-30.0,0,0,0,0,0,0,0,0,0,0,0,1,0,0,0,0,0,0,1,0,0
Deadpool ,-30.0,0,1,1,0,0,1,0,0,0,0,0,0,0,0,0,0,0,0,0,0,0
Dear White People,-30.0,0,0,0,0,0,1,0,1,0,0,0,0,0,0,0,0,0,0,0,0,0
Dear Zindagi,-30.0,0,0,0,0,0,0,0,1,0,0,0,0,0,0,0,1,0,0,0,0,0
Death Race,-30.0,0,1,0,0,0,0,0,0,0,0,0,0,0,0,0,0,1,0,1,0,0
Deepwater Horizon,-30.0,0,1,0,0,0,0,0,1,0,0,0,0,0,0,0,0,0,0,1,0,0
Deja Vu,-30.0,0,1,0,0,0,0,0,0,0,0,0,0,0,0,0,0,1,0,1,0,0
Demolition,-30.0,0,0,0,0,0,1,0,1,0,0,0,0,0,0,0,0,0,0,0,0,0
Denial,-30.0,0,0,0,0,1,0,0,1,0,0,0,0,0,0,0,0,0,0,0,0,0
Despicable Me,-30.0,0,0,1,1,0,1,0,0,0,0,0,0,0,0,0,0,0,0,0,0,0
Despicable Me 2,-30.0,0,0,1,1,0,1,0,0,0,0,0,0,0,0,0,0,0,0,0,0,0
Diary of a Wimpy Kid ,-30.0,0,0,0,0,0,1,0,0,1,0,0,0,0,0,0,0,0,0,0,0,0
Diary of a Wimpy Kid: Dog Days,-30.0,0,0,0,0,0,1,0,0,1,0,0,0,0,0,0,0,0,0,0,0,0
Diary of a Wimpy Kid: Rodrick Rules,-30.0,0,0,0,0,0,1,0,0,1,0,0,0,0,0,0,0,0,0,0,0,0
Dirty Grandpa,-30.0,0,0,0,0,0,1,0,0,0,0,0,0,0,0,0,0,0,0,0,0,0
Disaster Movie,-30.0,0,0,0,0,0,1,0,0,0,0,0,0,0,0,0,0,0,0,0,0,0
District 9,-30.0,0,1,0,0,0,0,0,0,0,0,0,0,0,0,0,0,1,0,1,0,0
Disturbia,-30.0,0,0,0,0,0,0,0,1,0,0,0,0,0,0,1,0,0,0,1,0,0
Divergent,-30.0,0,0,1,0,0,0,0,0,0,0,0,0,0,0,1,0,1,0,0,0,0
Django Unchained,-30.0,0,0,0,0,0,0,0,1,0,0,0,0,0,0,0,0,0,0,0,0,1
Doctor Strange,-30.0,0,1,1,0,0,0,0,0,0,1,0,0,0,0,0,0,0,0,0,0,0
Don Jon,-30.0,0,0,0,0,0,1,0,1,0,0,0,0,0,0,0,1,0,0,0,0,0
Don't Breathe,-30.0,0,0,0,0,0,0,1,0,0,0,0,1,0,0,0,0,0,0,1,0,0
Don't Think Twice,-30.0,0,0,0,0,0,1,0,1,0,0,0,0,0,0,0,0,0,0,0,0,0
Dope,-30.0,0,0,0,0,0,1,1,1,0,0,0,0,0,0,0,0,0,0,0,0,0
Dracula Untold,-30.0,0,1,0,0,0,0,0,1,0,1,0,0,0,0,0,0,0,0,0,0,0
Dragonball Evolution,-30.0,0,1,1,0,0,0,0,0,0,1,0,0,0,0,0,0,0,0,0,0,0
Dredd,-30.0,0,1,0,0,0,0,0,0,0,0,0,0,0,0,0,0,1,0,0,0,0
Drive ,-30.0,0,0,0,0,0,0,1,1,0,0,0,0,0,0,0,0,0,0,0,0,0
Eagle Eye,-30.0,0,1,0,0,0,0,0,0,0,0,0,0,0,0,1,0,0,0,1,0,0
Eastern Promises,-30.0,0,0,0,0,0,0,1,1,0,0,0,0,0,0,1,0,0,0,0,0,0
Easy A,-30.0,0,0,0,0,0,1,0,1,0,0,0,0,0,0,0,1,0,0,0,0,0
Eddie the Eagle,-30.0,0,0,0,0,1,1,0,1,0,0,0,0,0,0,0,0,0,0,0,0,0
Edge of Tomorrow,-30.0,0,1,1,0,0,0,0,0,0,0,0,0,0,0,0,0,1,0,0,0,0
Elle,-30.0,0,0,0,0,0,0,1,1,0,0,0,0,0,0,0,0,0,0,1,0,0
Elysium,-30.0,0,1,0,0,0,0,0,1,0,0,0,0,0,0,0,0,1,0,0,0,0
Enchanted,-30.0,0,0,0,1,0,1,0,0,1,0,0,0,0,0,0,0,0,0,0,0,0
End of Watch,-30.0,0,0,0,0,0,0,1,1,0,0,0,0,0,0,0,0,0,0,1,0,0
Ender's Game,-30.0,0,1,0,0,0,0,0,0,0,0,0,0,0,0,0,0,1,0,0,0,0
Endless Love,-30.0,0,0,0,0,0,0,0,1,0,0,0,0,0,0,0,1,0,0,0,0,0
Enemy,-30.0,0,0,0,0,0,0,0,0,0,0,0,0,0,0,1,0,0,0,1,0,0
Entourage,-30.0,0,0,0,0,0,1,0,0,0,0,0,0,0,0,0,0,0,0,0,0,0
Equals,-30.0,0,0,0,0,0,0,0,1,0,0,0,0,0,0,0,1,1,0,0,0,0
Escape Plan,-30.0,0,1,0,0,0,0,1,0,0,0,0,0,0,0,1,0,0,0,0,0,0
Everest,-30.0,0,1,1,0,0,0,0,1,0,0,0,0,0,0,0,0,0,0,0,0,0
Everybody Wants Some!!,-30.0,0,0,0,0,0,1,0,0,0,0,0,0,0,0,0,0,0,0,0,0,0
Evil Dead,-30.0,0,0,0,0,0,0,0,0,0,1,0,1,0,0,0,0,0,0,0,0,0
Ex Machina,-30.0,0,0,0,0,0,0,0,1,0,0,0,0,0,0,1,0,1,0,0,0,0
Exodus: Gods and Kings,-30.0,0,1,1,0,0,0,0,1,0,0,0,0,0,0,0,0,0,0,0,0,0
Eye in the Sky,-30.0,0,0,0,0,0,0,0,1,0,0,0,0,0,0,0,0,0,0,1,1,0
Fantastic Beasts and Where To Find Them,-30.0,0,0,1,0,0,0,0,0,1,1,0,0,0,0,0,0,0,0,0,0,0
Fantastic Four,-30.0,0,1,1,0,0,0,0,0,0,0,0,0,0,0,0,0,1,0,0,0,0
Fantastic Mr. Fox,-30.0,0,0,1,1,0,1,0,0,0,0,0,0,0,0,0,0,0,0,0,0,0
Fast Five,-30.0,0,1,0,0,0,0,1,0,0,0,0,0,0,0,0,0,0,0,1,0,0
Fast and Furious,-30.0,0,1,0,0,0,0,1,0,0,0,0,0,0,0,0,0,0,0,1,0,0
Faster,-30.0,0,1,0,0,0,0,1,1,0,0,0,0,0,0,0,0,0,0,0,0,0
Fences,-30.0,0,0,0,0,0,0,0,1,0,0,0,0,0,0,0,0,0,0,0,0,0
Fifty Shades of Grey,-30.0,0,0,0,0,0,0,0,1,0,0,0,0,0,0,0,1,0,0,1,0,0
Filth,-30.0,0,0,0,0,0,1,1,1,0,0,0,0,0,0,0,0,0,0,0,0,0
Final Destination 5,-30.0,0,0,0,0,0,0,0,0,0,0,0,1,0,0,0,0,0,0,1,0,0
Finding Dory,-30.0,0,0,1,1,0,1,0,0,0,0,0,0,0,0,0,0,0,0,0,0,0
Flight,-30.0,0,0,0,0,0,0,0,1,0,0,0,0,0,0,0,0,0,0,1,0,0
Florence Foster Jenkins,-30.0,0,0,0,0,1,1,0,1,0,0,0,0,0,0,0,0,0,0,0,0,0
Focus,-30.0,0,0,0,0,0,1,1,1,0,0,0,0,0,0,0,0,0,0,0,0,0
Fool's Gold,-30.0,0,1,1,0,0,1,0,0,0,0,0,0,0,0,0,0,0,0,0,0,0
Footloose,-30.0,0,0,0,0,0,1,0,1,0,0,0,0,1,0,0,0,0,0,0,0,0
Forgetting Sarah Marshall,-30.0,0,0,0,0,0,1,0,1,0,0,0,0,0,0,0,1,0,0,0,0,0
Fracture,-30.0,0,0,0,0,0,0,1,1,0,0,0,0,0,0,1,0,0,0,0,0,0
Frantz,-30.0,0,0,0,0,0,0,0,1,0,0,1,0,0,0,0,0,0,0,0,1,0
Free Fire,-30.0,0,1,0,0,0,1,1,0,0,0,0,0,0,0,0,0,0,0,0,0,0
Free State of Jones,-30.0,0,1,0,0,1,0,0,1,0,0,0,0,0,0,0,0,0,0,0,0,0
Freedom Writers,-30.0,0,0,0,0,1,0,1,1,0,0,0,0,0,0,0,0,0,0,0,0,0
Friday the 13th,-30.0,0,0,0,0,0,0,0,0,0,0,0,1,0,0,0,0,0,0,0,0,0
Friend Request,-30.0,0,0,0,0,0,0,0,0,0,0,0,1,0,0,0,0,0,0,1,0,0
Friends with Benefits,-30.0,0,0,0,0,0,1,0,0,0,0,0,0,0,0,0,1,0,0,0,0,0
Frozen,-30.0,0,0,1,1,0,1,0,0,0,0,0,0,0,0,0,0,0,0,0,0,0
Furious 6,-30.0,0,1,0,0,0,0,1,0,0,0,0,0,0,0,0,0,0,0,1,0,0
Furious 7,-30.0,0,1,0,0,0,0,1,0,0,0,0,0,0,0,0,0,0,0,1,0,0
Fury,-30.0,0,1,0,0,0,0,0,1,0,0,0,0,0,0,0,0,0,0,0,1,0
G.I. Joe: Retaliation,-30.0,0,1,1,0,0,0,0,0,0,0,0,0,0,0,0,0,1,0,0,0,0
G.I. Joe: The Rise of Cobra,-30.0,0,1,1,0,0,0,0,0,0,0,0,0,0,0,0,0,1,0,0,0,0
Gangster Squad,-30.0,0,1,0,0,0,0,1,1,0,0,0,0,0,0,0,0,0,0,0,0,0
Genius,-30.0,0,0,0,0,1,0,0,1,0,0,0,0,0,0,0,0,0,0,0,0,0
Get Hard,-30.0,0,0,0,0,0,1,1,0,0,0,0,0,0,0,0,0,0,0,0,0,0
Ghost Rider,-30.0,0,1,0,0,0,0,0,0,0,1,0,0,0,0,0,0,0,0,1,0,0
Ghostbusters,-30.0,0,1,0,0,0,1,0,0,0,1,0,0,0,0,0,0,0,0,0,0,0
Gods of Egypt,-30.0,0,1,1,0,0,0,0,0,0,1,0,0,0,0,0,0,0,0,0,0,0
Godzilla,-30.0,0,1,1,0,0,0,0,0,0,0,0,0,0,0,0,0,1,0,0,0,0
Gold,-30.0,0,0,1,0,0,0,0,1,0,0,0,0,0,0,0,0,0,0,1,0,0
Gone Baby Gone,-30.0,0,0,0,0,0,0,1,1,0,0,0,0,0,0,1,0,0,0,0,0,0
Gone Girl,-30.0,0,0,0,0,0,0,1,1,0,0,0,0,0,0,1,0,0,0,0,0,0
Goosebumps,-30.0,0,0,1,0,0,1,0,0,1,0,0,0,0,0,0,0,0,0,0,0,0
Gran Torino,-30.0,0,0,0,0,0,0,0,1,0,0,0,0,0,0,0,0,0,0,0,0,0
Gravity,-30.0,0,0,0,0,0,0,0,1,0,0,0,0,0,0,0,0,1,0,1,0,0
Green Lantern,-30.0,0,1,1,0,0,0,0,0,0,0,0,0,0,0,0,0,1,0,0,0,0
Green Room,-30.0,0,0,0,0,0,0,1,0,0,0,0,1,0,0,0,0,0,0,1,0,0
Grindhouse,-30.0,0,1,0,0,0,0,0,0,0,0,0,1,0,0,0,0,0,0,1,0,0
Grown Ups,-30.0,0,0,0,0,0,1,0,0,0,0,0,0,0,0,0,0,0,0,0,0,0
Grown Ups 2,-30.0,0,0,0,0,0,1,0,0,0,0,0,0,0,0,0,0,0,0,0,0,0
Guardians of the Galaxy,-30.0,0,1,1,0,0,0,0,0,0,0,0,0,0,0,0,0,1,0,0,0,0
Hacksaw Ridge,-30.0,0,0,0,0,1,0,0,1,0,0,1,0,0,0,0,0,0,0,0,0,0
"Hail, Caesar!",-30.0,0,0,0,0,0,1,0,0,0,0,0,0,0,0,1,0,0,0,0,0,0
Hairspray,-30.0,0,0,0,0,0,1,0,1,1,0,0,0,0,0,0,0,0,0,0,0,0
Half of a Yellow Sun,-30.0,0,0,0,0,0,0,0,1,0,0,0,0,0,0,0,1,0,0,0,0,0
Hancock,-30.0,0,1,0,0,0,0,1,1,0,0,0,0,0,0,0,0,0,0,0,0,0
Hands of Stone,-30.0,0,1,0,0,1,0,0,1,0,0,0,0,0,0,0,0,0,0,0,0,0
Hanna,-30.0,0,1,0,0,0,0,0,1,0,0,0,0,0,0,0,0,0,0,1,0,0
Happy Feet,-30.0,0,0,0,1,0,1,0,0,1,0,0,0,0,0,0,0,0,0,0,0,0
Hardcore Henry,-30.0,0,1,1,0,0,0,0,0,0,0,0,0,0,0,0,0,1,0,0,0,0
Harry Potter and the Deathly Hallows: Part 1,-30.0,0,0,1,0,0,0,0,0,1,1,0,0,0,0,0,0,0,0,0,0,0
Harry Potter and the Deathly Hallows: Part 2,-30.0,0,0,1,0,0,0,0,1,0,1,0,0,0,0,0,0,0,0,0,0,0
Harry Potter and the Half-Blood Prince,-30.0,0,0,1,0,0,0,0,0,1,1,0,0,0,0,0,0,0,0,0,0,0
Harry Potter and the Order of the Phoenix,-30.0,0,0,1,0,0,0,0,0,1,1,0,0,0,0,0,0,0,0,0,0,0
He's Just Not That Into You,-30.0,0,0,0,0,0,1,0,1,0,0,0,0,0,0,0,1,0,0,0,0,0
Hell or High Water,-30.0,0,0,0,0,0,0,1,1,0,0,0,0,0,0,0,0,0,0,1,0,0
Hellboy II: The Golden Army,-30.0,0,1,1,0,0,0,0,0,0,1,0,0,0,0,0,0,0,0,0,0,0
Her,-30.0,0,0,0,0,0,0,0,1,0,0,0,0,0,0,0,1,1,0,0,0,0
Hercules,-30.0,0,1,1,0,0,0,0,0,0,0,0,0,0,0,0,0,0,0,0,0,0
Hidden Figures,-30.0,0,0,0,0,1,0,0,1,0,0,1,0,0,0,0,0,0,0,0,0,0
High-Rise,-30.0,0,0,0,0,0,0,0,1,0,0,0,0,0,0,0,0,0,0,0,0,0
Home,-30.0,0,0,1,1,0,1,0,0,0,0,0,0,0,0,0,0,0,0,0,0,0
Horns,-30.0,0,0,0,0,0,0,0,1,0,1,0,1,0,0,0,0,0,0,0,0,0
Horrible Bosses,-30.0,0,0,0,0,0,1,1,0,0,0,0,0,0,0,0,0,0,0,0,0,0
Horrible Bosses 2,-30.0,0,0,0,0,0,1,1,0,0,0,0,0,0,0,0,0,0,0,0,0,0
Hostel: Part II,-30.0,0,0,0,0,0,0,0,0,0,0,0,1,0,0,0,0,0,0,0,0,0
Hot Fuzz,-30.0,0,1,0,0,0,1,0,0,0,0,0,0,0,0,1,0,0,0,0,0,0
Hotel Transylvania 2,-30.0,0,0,0,1,0,1,0,0,1,0,0,0,0,0,0,0,0,0,0,0,0
How to Be Single,-30.0,0,0,0,0,0,1,0,0,0,0,0,0,0,0,0,1,0,0,0,0,0
How to Train Your Dragon,-30.0,0,1,1,1,0,0,0,0,0,0,0,0,0,0,0,0,0,0,0,0,0
How to Train Your Dragon 2,-30.0,0,1,1,1,0,0,0,0,0,0,0,0,0,0,0,0,0,0,0,0,0
Hugo,-30.0,0,0,1,0,0,0,0,1,1,0,0,0,0,0,0,0,0,0,0,0,0
Hunger,-30.0,0,0,0,0,1,0,0,1,0,0,0,0,0,0,0,0,0,0,0,0,0
Hunt for the Wilderpeople,-30.0,0,0,1,0,0,1,0,1,0,0,0,0,0,0,0,0,0,0,0,0,0
I Am Legend,-30.0,0,0,0,0,0,0,0,1,0,0,0,1,0,0,0,0,1,0,0,0,0
I Am Number Four,-30.0,0,1,1,0,0,0,0,0,0,0,0,0,0,0,0,0,1,0,0,0,0
I Origins,-30.0,0,0,0,0,0,0,0,1,0,0,0,0,0,0,0,1,1,0,0,0,0
I Spit on Your Grave,-30.0,0,0,0,0,0,0,1,0,0,0,0,1,0,0,0,0,0,0,1,0,0
"I, Daniel Blake",-30.0,0,0,0,0,0,0,0,1,0,0,0,0,0,0,0,0,0,0,0,0,0
I.T.,-30.0,0,0,0,0,0,0,1,1,0,0,0,0,0,0,1,0,0,0,0,0,0
Ice Age: Collision Course,-30.0,0,0,1,1,0,1,0,0,0,0,0,0,0,0,0,0,0,0,0,0,0
Idiocracy,-30.0,0,0,1,0,0,1,0,0,0,0,0,0,0,0,0,0,1,0,0,0,0
If I Stay,-30.0,0,0,0,0,0,0,0,1,0,1,0,0,1,0,0,0,0,0,0,0,0
Immortals,-30.0,0,1,0,0,0,0,0,1,0,1,0,0,0,0,0,0,0,0,0,0,0
In Bruges,-30.0,0,0,0,0,0,1,1,1,0,0,0,0,0,0,0,0,0,0,0,0,0
In Time,-30.0,0,1,0,0,0,0,0,0,0,0,0,0,0,0,0,0,1,0,1,0,0
In the Heart of the Sea,-30.0,0,1,1,0,1,0,0,0,0,0,0,0,0,0,0,0,0,0,0,0,0
Incendies,-30.0,0,0,0,0,0,0,0,1,0,0,0,0,0,0,1,0,0,0,0,1,0
Inception,-30.0,0,1,1,0,0,0,0,0,0,0,0,0,0,0,0,0,1,0,0,0,0
Independence Day: Resurgence ,-30.0,0,1,1,0,0,0,0,0,0,0,0,0,0,0,0,0,1,0,0,0,0
Indiana Jones and the Kingdom of the Crystal Skull,-30.0,0,1,1,0,0,0,0,0,0,1,0,0,0,0,0,0,0,0,0,0,0
Indignation,-30.0,0,0,0,0,0,0,0,1,0,0,0,0,0,0,0,1,0,0,0,0,0
Inferno,-30.0,0,1,1,0,0,0,1,0,0,0,0,0,0,0,0,0,0,0,0,0,0
Inglourious Basterds,-30.0,0,0,1,0,0,0,0,1,0,0,0,0,0,0,0,0,0,0,0,1,0
Inherent Vice,-30.0,0,0,0,0,0,1,1,1,0,0,0,0,0,0,0,0,0,0,0,0,0
Inland Empire,-30.0,0,0,0,0,0,0,0,1,0,0,0,0,0,0,1,0,0,0,1,0,0
Inside Man,-30.0,0,0,0,0,0,0,1,1,0,0,0,0,0,0,1,0,0,0,0,0,0
Inside Out,-30.0,0,0,1,1,0,1,0,0,0,0,0,0,0,0,0,0,0,0,0,0,0
Insidious,-30.0,0,0,0,0,0,0,0,0,0,0,0,1,0,0,1,0,0,0,1,0,0
Interstellar ,-30.0,0,0,1,0,0,0,0,1,0,0,0,0,0,0,0,0,1,0,0,0,0
Into the Forest,-30.0,0,0,0,0,0,0,0,1,0,0,0,0,0,0,0,0,1,0,1,0,0
Into the Wild,-30.0,0,0,1,0,1,0,0,1,0,0,0,0,0,0,0,0,0,0,0,0,0
Into the Woods,-30.0,0,0,1,0,0,1,0,1,0,0,0,0,0,0,0,0,0,0,0,0,0
Iron Man,-30.0,0,1,1,0,0,0,0,0,0,0,0,0,0,0,0,0,1,0,0,0,0
Iron Man 2,-30.0,0,1,1,0,0,0,0,0,0,0,0,0,0,0,0,0,1,0,0,0,0
Iron Man 3,-30.0,0,1,1,0,0,0,0,0,0,0,0,0,0,0,0,0,1,0,0,0,0
It Follows,-30.0,0,0,0,0,0,0,0,0,0,0,0,1,0,0,1,0,0,0,0,0,0
Jack Reacher,-30.0,0,1,0,0,0,0,1,0,0,0,0,0,0,0,1,0,0,0,0,0,0
Jack Reacher: Never Go Back,-30.0,0,1,1,0,0,0,1,0,0,0,0,0,0,0,0,0,0,0,0,0,0
Jack Ryan: Shadow Recruit,-30.0,0,1,0,0,0,0,0,1,0,0,0,0,0,0,0,0,0,0,1,0,0
Jackie,-30.0,0,0,0,0,1,0,0,1,0,0,1,0,0,0,0,0,0,0,0,0,0
Jane Eyre,-30.0,0,0,0,0,0,0,0,1,0,0,0,0,0,0,0,1,0,0,0,0,0
Jason Bourne,-30.0,0,1,0,0,0,0,0,0,0,0,0,0,0,0,0,0,0,0,1,0,0
Jennifer's Body,-30.0,0,0,0,0,0,1,0,0,0,0,0,1,0,0,0,0,0,0,0,0,0
John Carter,-30.0,0,1,1,0,0,0,0,0,0,0,0,0,0,0,0,0,1,0,0,0,0
John Wick,-30.0,0,1,0,0,0,0,1,0,0,0,0,0,0,0,0,0,0,0,1,0,0
Joy,-30.0,0,0,0,0,0,0,0,1,0,0,0,0,0,0,0,0,0,0,0,0,0
Jumper,-30.0,0,1,1,0,0,0,0,0,0,0,0,0,0,0,0,0,1,0,0,0,0
Juno,-30.0,0,0,0,0,0,1,0,1,0,0,0,0,0,0,0,0,0,0,0,0,0
Jupiter Ascending,-30.0,0,1,1,0,0,0,0,0,0,0,0,0,0,0,0,0,1,0,0,0,0
Jurassic World,-30.0,0,1,1,0,0,0,0,0,0,0,0,0,0,0,0,0,1,0,0,0,0
Just Go With It,-30.0,0,0,0,0,0,1,0,0,0,0,0,0,0,0,0,1,0,0,0,0,0
Keanu,-30.0,0,1,0,0,0,1,0,0,0,0,0,0,0,0,0,0,0,0,0,0,0
Keeping Up with the Joneses,-30.0,0,1,0,0,0,1,0,0,0,0,0,0,0,0,0,0,0,0,0,0,0
Kick-Ass,-30.0,0,1,0,0,0,1,0,0,0,0,0,0,0,0,0,0,0,0,0,0,0
Kick-Ass 2,-30.0,0,1,0,0,0,1,1,0,0,0,0,0,0,0,0,0,0,0,0,0,0
Kicks,-30.0,0,0,1,0,0,0,0,0,0,0,0,0,0,0,0,0,0,0,0,0,0
King Cobra,-30.0,0,0,0,0,0,0,1,1,0,0,0,0,0,0,0,0,0,0,0,0,0
Kingsman: The Secret Service,-30.0,0,1,1,0,0,1,0,0,0,0,0,0,0,0,0,0,0,0,0,0,0
Knight of Cups,-30.0,0,0,0,0,0,0,0,1,0,0,0,0,0,0,0,1,0,0,0,0,0
Knock Knock,-30.0,0,0,0,0,0,0,0,1,0,0,0,1,0,0,0,0,0,0,1,0,0
Knocked Up,-30.0,0,0,0,0,0,1,0,0,0,0,0,0,0,0,0,1,0,0,0,0,0
Kubo and the Two Strings,-30.0,0,0,1,1,0,0,0,0,1,0,0,0,0,0,0,0,0,0,0,0,0
Kung Fu Panda,-30.0,0,1,1,1,0,0,0,0,0,0,0,0,0,0,0,0,0,0,0,0,0
Kung Fu Panda 3,-30.0,0,1,1,1,0,0,0,0,0,0,0,0,0,0,0,0,0,0,0,0,0
La La Land,-30.0,0,0,0,0,0,1,0,1,0,0,0,0,1,0,0,0,0,0,0,0,0
Lady Macbeth,-30.0,0,0,0,0,0,0,0,1,0,0,0,0,0,0,0,0,0,0,0,0,0
Lady in the Water,-30.0,0,0,0,0,0,0,0,1,0,1,0,0,0,0,1,0,0,0,0,0,0
Law Abiding Citizen,-30.0,0,0,0,0,0,0,1,1,0,0,0,0,0,0,0,0,0,0,1,0,0
Lawless,-30.0,0,0,0,0,0,0,1,1,0,0,0,0,0,0,0,0,0,0,0,0,0
Legend,-30.0,0,0,0,0,1,0,1,1,0,0,0,0,0,0,0,0,0,0,0,0,0
Legion,-30.0,0,1,0,0,0,0,0,0,0,1,0,1,0,0,0,0,0,0,0,0,0
Les Miserables,-30.0,0,0,0,0,0,0,0,1,0,0,0,0,0,1,0,1,0,0,0,0,0
Let Me In,-30.0,0,0,0,0,0,0,0,1,0,0,0,1,0,0,1,0,0,0,0,0,0
Let's Be Cops,-30.0,0,0,0,0,0,1,0,0,0,0,0,0,0,0,0,0,0,0,0,0,0
Life as We Know It,-30.0,0,0,0,0,0,1,0,1,0,0,0,0,0,0,0,1,0,0,0,0,0
Life of Pi,-30.0,0,0,1,0,0,0,0,1,0,1,0,0,0,0,0,0,0,0,0,0,0
Lights Out,-30.0,0,0,0,0,0,0,0,0,0,0,0,1,0,0,0,0,0,0,0,0,0
Limitless,-30.0,0,0,0,0,0,0,0,0,0,0,0,0,0,0,1,0,1,0,1,0,0
Lincoln,-30.0,0,0,0,0,1,0,0,1,0,0,1,0,0,0,0,0,0,0,0,0,0
Lion,-30.0,0,0,0,0,1,0,0,1,0,0,0,0,0,0,0,0,0,0,0,0,0
Little Miss Sunshine,-30.0,0,0,0,0,0,1,0,1,0,0,0,0,0,0,0,0,0,0,0,0,0
Live By Night,-30.0,0,0,0,0,0,0,1,1,0,0,0,0,0,0,0,0,0,0,0,0,0
Live Free or Die Hard,-30.0,0,1,1,0,0,0,0,0,0,0,0,0,0,0,0,0,0,0,1,0,0
Locke,-30.0,0,0,0,0,0,0,0,1,0,0,0,0,0,0,0,0,0,0,0,0,0
London Has Fallen,-30.0,0,1,0,0,0,0,1,1,0,0,0,0,0,0,0,0,0,0,0,0,0
Lone Survivor,-30.0,0,1,0,0,1,0,0,1,0,0,0,0,0,0,0,0,0,0,0,0,0
Looper,-30.0,0,1,0,0,0,0,1,1,0,0,0,0,0,0,0,0,0,0,0,0,0
Love,-30.0,0,0,0,0,0,0,0,1,0,0,0,0,0,0,0,1,0,0,0,0,0
Love & Friendship,-30.0,0,0,0,0,0,1,0,1,0,0,0,0,0,0,0,1,0,0,0,0,0
Love and Other Drugs,-30.0,0,0,0,0,0,1,0,1,0,0,0,0,0,0,0,1,0,0,0,0,0
"Love, Rosie",-30.0,0,0,0,0,0,1,0,0,0,0,0,0,0,0,0,1,0,0,0,0,0
Lovesong,-30.0,0,0,0,0,0,0,0,1,0,0,0,0,0,0,0,0,0,0,0,0,0
Loving,-30.0,0,0,0,0,1,0,0,1,0,0,0,0,0,0,0,1,0,0,0,0,0
Lowriders,-30.0,0,0,0,0,0,0,0,1,0,0,0,0,0,0,0,0,0,0,0,0,0
Lucky Number Slevin,-30.0,0,0,0,0,0,0,1,1,0,0,0,0,0,0,1,0,0,0,0,0,0
Lucy,-30.0,0,1,0,0,0,0,0,0,0,0,0,0,0,0,0,0,1,0,1,0,0
Macbeth,-30.0,0,0,0,0,0,0,0,1,0,0,0,0,0,0,0,0,0,0,0,1,0
Mad Max: Fury Road,-30.0,0,1,1,0,0,0,0,0,0,0,0,0,0,0,0,0,1,0,0,0,0
Magic Mike,-30.0,0,0,0,0,0,1,0,1,0,0,0,0,0,0,0,0,0,0,0,0,0
Magic Mike XXL,-30.0,0,0,0,0,0,1,0,1,0,0,0,0,1,0,0,0,0,0,0,0,0
Maleficent,-30.0,0,1,1,0,0,0,0,0,1,0,0,0,0,0,0,0,0,0,0,0,0
Mama,-30.0,0,0,0,0,0,0,0,0,0,0,0,1,0,0,0,0,0,0,1,0,0
Mamma Mia!,-30.0,0,0,0,0,0,1,0,0,1,0,0,0,0,1,0,0,0,0,0,0,0
Man of Steel,-30.0,0,1,1,0,0,0,0,0,0,1,0,0,0,0,0,0,0,0,0,0,0
Man on a Ledge,-30.0,0,1,0,0,0,0,1,0,0,0,0,0,0,0,0,0,0,0,1,0,0
Manchester by the Sea,-30.0,0,0,0,0,0,0,0,1,0,0,0,0,0,0,0,0,0,0,0,0,0
Marie Antoinette,-30.0,0,0,0,0,1,0,0,1,0,0,1,0,0,0,0,0,0,0,0,0,0
Masterminds,-30.0,0,1,0,0,0,1,1,0,0,0,0,0,0,0,0,0,0,0,0,0,0
Max,-30.0,0,0,1,0,0,0,0,0,1,0,0,0,0,0,0,0,0,0,0,0,0
Max Steel,-30.0,0,1,1,0,0,0,0,0,1,0,0,0,0,0,0,0,0,0,0,0,0
Maze Runner: The Scorch Trials,-30.0,0,1,0,0,0,0,0,0,0,0,0,0,0,0,0,0,1,0,1,0,0
Me Before You,-30.0,0,0,0,0,0,0,0,1,0,0,0,0,0,0,0,1,0,0,0,0,0
Me and Earl and the Dying Girl,-30.0,0,0,0,0,0,1,0,1,0,0,0,0,0,0,0,0,0,0,0,0,0
Mechanic: Resurrection,-30.0,0,1,1,0,0,0,1,0,0,0,0,0,0,0,0,0,0,0,0,0,0
Megamind,-30.0,0,1,0,1,0,1,0,0,0,0,0,0,0,0,0,0,0,0,0,0,0
Melancholia,-30.0,0,0,0,0,0,0,0,1,0,0,0,0,0,0,0,0,0,0,0,0,0
Midnight Meat Train,-30.0,0,0,0,0,0,0,0,0,0,0,0,1,0,0,1,0,0,0,0,0,0
Midnight Special,-30.0,0,0,0,0,0,0,0,1,0,0,0,0,0,0,1,0,1,0,0,0,0
Midnight in Paris,-30.0,0,0,0,0,0,1,0,0,0,1,0,0,0,0,0,1,0,0,0,0,0
Mike and Dave Need Wedding Dates,-30.0,0,0,1,0,0,1,0,0,0,0,0,0,0,0,0,1,0,0,0,0,0
Minions,-30.0,0,1,1,1,0,0,0,0,0,0,0,0,0,0,0,0,0,0,0,0,0
Miracles from Heaven,-30.0,0,0,0,0,1,0,0,1,1,0,0,0,0,0,0,0,0,0,0,0,0
Miss Peregrine's Home for Peculiar Children,-30.0,0,0,1,0,0,0,0,1,1,0,0,0,0,0,0,0,0,0,0,0,0
Miss Sloane,-30.0,0,0,0,0,0,0,0,1,0,0,0,0,0,0,0,0,0,0,1,0,0
Mission: Impossible - Ghost Protocol,-30.0,0,1,1,0,0,0,0,0,0,0,0,0,0,0,0,0,0,0,1,0,0
Mission: Impossible - Rogue Nation,-30.0,0,1,1,0,0,0,0,0,0,0,0,0,0,0,0,0,0,0,1,0,0
Mission: Impossible III,-30.0,0,1,1,0,0,0,0,0,0,0,0,0,0,0,0,0,0,0,1,0,0
Moana,-30.0,0,0,1,1,0,1,0,0,0,0,0,0,0,0,0,0,0,0,0,0,0
Mommy,-30.0,0,0,0,0,0,0,0,1,0,0,0,0,0,0,0,0,0,0,0,0,0
Money Monster,-30.0,0,0,0,0,0,0,1,1,0,0,0,0,0,0,0,0,0,0,1,0,0
Moneyball,-30.0,0,0,0,0,1,0,0,1,0,0,0,0,0,0,0,0,0,1,0,0,0
Monster Trucks,-30.0,0,1,1,0,0,1,0,0,0,0,0,0,0,0,0,0,0,0,0,0,0
Monsters University,-30.0,0,0,1,1,0,1,0,0,0,0,0,0,0,0,0,0,0,0,0,0,0
Moon,-30.0,0,0,0,0,0,0,0,1,0,0,0,0,0,0,1,0,1,0,0,0,0
Moonlight,-30.0,0,0,0,0,0,0,0,1,0,0,0,0,0,0,0,0,0,0,0,0,0
Moonrise Kingdom,-30.0,0,0,1,0,0,1,0,1,0,0,0,0,0,0,0,0,0,0,0,0,0
Morgan,-30.0,0,0,0,0,0,0,0,0,0,0,0,1,0,0,0,0,1,0,1,0,0
Mother's Day,-30.0,0,0,0,0,0,1,0,1,0,0,0,0,0,0,0,0,0,0,0,0,0
Movie 43,-30.0,0,0,0,0,0,1,0,0,0,0,0,0,0,0,0,1,0,0,0,0,0
Mr. Brooks,-30.0,0,0,0,0,0,0,1,1,0,0,0,0,0,0,0,0,0,0,1,0,0
Mr. Church,-30.0,0,0,0,0,0,1,0,1,0,0,0,0,0,0,0,0,0,0,0,0,0
Mr. Nobody,-30.0,0,0,0,0,0,0,0,1,0,1,0,0,0,0,0,1,0,0,0,0,0
Mr. Right,-30.0,0,1,0,0,0,1,0,0,0,0,0,0,0,0,0,1,0,0,0,0,0
My Big Fat Greek Wedding 2,-30.0,0,0,0,0,0,1,0,0,1,0,0,0,0,0,0,1,0,0,0,0,0
Need for Speed,-30.0,0,1,0,0,0,0,1,1,0,0,0,0,0,0,0,0,0,0,0,0,0
Neighbors,-30.0,0,0,0,0,0,1,0,0,0,0,0,0,0,0,0,0,0,0,0,0,0
Neighbors 2: Sorority Rising,-30.0,0,0,0,0,0,1,0,0,0,0,0,0,0,0,0,0,0,0,0,0,0
Nerve,-30.0,0,0,1,0,0,0,1,0,0,0,0,0,0,0,1,0,0,0,0,0,0
Never Back Down,-30.0,0,1,0,0,0,0,0,1,0,0,0,0,0,0,0,0,0,1,0,0,0
Night at the Museum: Secret of the Tomb,-30.0,0,0,1,0,0,1,0,0,1,0,0,0,0,0,0,0,0,0,0,0,0
Nightcrawler,-30.0,0,0,0,0,0,0,1,1,0,0,0,0,0,0,0,0,0,0,1,0,0
Nine Lives,-30.0,0,0,0,0,0,1,0,0,1,1,0,0,0,0,0,0,0,0,0,0,0
No Country for Old Men,-30.0,0,0,0,0,0,0,1,1,0,0,0,0,0,0,0,0,0,0,1,0,0
No Escape,-30.0,0,1,0,0,0,0,0,0,0,0,0,0,0,0,0,0,0,0,1,0,0
No Strings Attached,-30.0,0,0,0,0,0,1,0,0,0,0,0,0,0,0,0,1,0,0,0,0,0
Noah,-30.0,0,1,1,0,0,0,0,1,0,0,0,0,0,0,0,0,0,0,0,0,0
Nocturnal Animals,-30.0,0,0,0,0,0,0,0,1,0,0,0,0,0,0,0,0,0,0,1,0,0
Norman: The Moderate Rise and Tragic Fall of a New York Fixer,-30.0,0,0,0,0,0,0,0,1,0,0,0,0,0,0,0,0,0,0,1,0,0
Notorious,-30.0,0,0,0,0,1,0,1,1,0,0,0,0,0,0,0,0,0,0,0,0,0
Now You See Me,-30.0,0,0,0,0,0,0,1,0,0,0,0,0,0,0,1,0,0,0,1,0,0
Now You See Me 2,-30.0,0,1,1,0,0,1,0,0,0,0,0,0,0,0,0,0,0,0,0,0,0
Nymphomaniac: Vol. II,-30.0,0,0,0,0,0,0,0,1,0,0,0,0,0,0,0,0,0,0,0,0,0
Nymphomaniac: Volume I,-30.0,0,0,0,0,0,0,0,1,0,0,0,0,0,0,0,0,0,0,0,0,0
Oblivion,-30.0,0,1,1,0,0,0,0,0,0,0,0,0,0,0,1,0,0,0,0,0,0
Ocean's Thirteen,-30.0,0,0,0,0,0,0,1,0,0,0,0,0,0,0,0,0,0,0,1,0,0
Oculus,-30.0,0,0,0,0,0,0,0,0,0,0,0,1,0,0,1,0,0,0,0,0,0
Office Christmas Party,-30.0,0,0,0,0,0,1,0,0,0,0,0,0,0,0,0,0,0,0,0,0,0
Olympus Has Fallen,-30.0,0,1,0,0,0,0,0,0,0,0,0,0,0,0,0,0,0,0,1,0,0
One Day,-30.0,0,0,0,0,0,0,0,1,0,0,0,0,0,0,0,1,0,0,0,0,0
Orphan,-30.0,0,0,0,0,0,0,0,0,0,0,0,1,0,0,1,0,0,0,1,0,0
Ouija: Origin of Evil,-30.0,0,0,0,0,0,0,0,0,0,0,0,1,0,0,0,0,0,0,1,0,0
Out of the Furnace,-30.0,0,0,0,0,0,0,1,1,0,0,0,0,0,0,0,0,0,0,1,0,0
Oz The Great and Powerful,-30.0,0,0,1,0,0,0,0,0,1,1,0,0,0,0,0,0,0,0,0,0,0
P.S. I Love You,-30.0,0,0,0,0,0,0,0,1,0,0,0,0,0,0,0,1,0,0,0,0,0
Pacific Rim,-30.0,0,1,1,0,0,0,0,0,0,0,0,0,0,0,0,0,1,0,0,0,0
Pain and Gain,-30.0,0,0,0,0,0,1,1,1,0,0,0,0,0,0,0,0,0,0,0,0,0
Pan,-30.0,0,0,1,0,0,0,0,0,1,1,0,0,0,0,0,0,0,0,0,0,0
Pan's Labyrinth,-30.0,0,0,0,0,0,0,0,1,0,1,0,0,0,0,0,0,0,0,0,1,0
Pandorum,-30.0,0,1,0,0,0,0,0,0,0,0,0,1,0,0,1,0,0,0,0,0,0
Paper Towns,-30.0,0,0,0,0,0,0,0,1,0,0,0,0,0,0,1,1,0,0,0,0,0
Passengers,-30.0,0,0,1,0,0,0,0,1,0,0,0,0,0,0,0,1,0,0,0,0,0
Paterson,-30.0,0,0,0,0,0,1,0,1,0,0,0,0,0,0,0,1,0,0,0,0,0
Patriots Day,-30.0,0,0,0,0,0,0,0,1,0,0,1,0,0,0,0,0,0,0,1,0,0
Paul,-30.0,0,0,1,0,0,1,0,0,0,0,0,0,0,0,0,0,1,0,0,0,0
Percy Jackson & The Olympians: The Lightning Thief,-30.0,0,0,1,0,0,0,0,0,1,1,0,0,0,0,0,0,0,0,0,0,0
Percy Jackson: Sea of Monsters,-30.0,0,0,1,0,0,0,0,0,1,1,0,0,0,0,0,0,0,0,0,0,0
Perfume: The Story of a Murderer,-30.0,0,0,0,0,0,0,1,1,0,1,0,0,0,0,0,0,0,0,0,0,0
Personal Shopper,-30.0,0,0,0,0,0,0,0,1,0,0,0,0,0,0,1,0,0,0,1,0,0
Pet,-30.0,0,0,0,0,0,0,0,0,0,0,0,1,0,0,0,0,0,0,1,0,0
Pete's Dragon,-30.0,0,0,1,0,0,0,0,0,1,1,0,0,0,0,0,0,0,0,0,0,0
Pineapple Express,-30.0,0,1,0,0,0,1,1,0,0,0,0,0,0,0,0,0,0,0,0,0,0
Piranha 3D,-30.0,0,0,0,0,0,1,0,0,0,0,0,1,0,0,0,0,0,0,1,0,0
Pirates of the Caribbean: At World's End,-30.0,0,1,1,0,0,0,0,0,0,1,0,0,0,0,0,0,0,0,0,0,0
Pirates of the Caribbean: Dead Man's Chest,-30.0,0,1,1,0,0,0,0,0,0,1,0,0,0,0,0,0,0,0,0,0,0
Pirates of the Caribbean: On Stranger Tides,-30.0,0,1,1,0,0,0,0,0,0,1,0,0,0,0,0,0,0,0,0,0,0
Pitch Perfect,-30.0,0,0,0,0,0,1,0,0,0,0,0,0,1,0,0,1,0,0,0,0,0
Pitch Perfect 2,-30.0,0,0,0,0,0,1,0,0,0,0,0,0,1,0,0,0,0,0,0,0,0
Pixels,-30.0,0,1,0,0,0,1,0,0,1,0,0,0,0,0,0,0,0,0,0,0,0
Point Break,-30.0,0,1,0,0,0,0,1,0,0,0,0,0,0,0,0,0,0,1,0,0,0
Pompeii,-30.0,0,1,1,0,0,0,0,1,0,0,0,0,0,0,0,0,0,0,0,0,0
Popstar: Never Stop Never Stopping,-30.0,0,0,0,0,0,1,0,0,0,0,0,0,1,0,0,0,0,0,0,0,0
Precious,-30.0,0,0,0,0,0,0,0,1,0,0,0,0,0,0,0,0,0,0,0,0,0
Predators,-30.0,0,1,1,0,0,0,0,0,0,0,0,0,0,0,0,0,1,0,0,0,0
Predestination,-30.0,0,0,0,0,0,0,0,1,0,0,0,0,0,0,1,0,1,0,0,0,0
Pride and Prejudice and Zombies,-30.0,0,1,0,0,0,0,0,0,0,0,0,1,0,0,0,1,0,0,0,0,0
Prince of Persia: The Sands of Time,-30.0,0,1,1,0,0,0,0,0,0,1,0,0,0,0,0,0,0,0,0,0,0
Prisoners,-30.0,0,0,0,0,0,0,1,1,0,0,0,0,0,0,1,0,0,0,0,0,0
Project X,-30.0,0,0,0,0,0,1,0,0,0,0,0,0,0,0,0,0,0,0,0,0,0
Prometheus,-30.0,0,0,1,0,0,0,0,0,0,0,0,0,0,0,1,0,1,0,0,0,0
Public Enemies,-30.0,0,0,0,0,1,0,1,1,0,0,0,0,0,0,0,0,0,0,0,0,0
Quantum of Solace,-30.0,0,1,1,0,0,0,0,0,0,0,0,0,0,0,0,0,0,0,1,0,0
Queen of Katwe,-30.0,0,0,0,0,1,0,0,1,0,0,0,0,0,0,0,0,0,1,0,0,0
RED,-30.0,0,1,0,0,0,1,1,0,0,0,0,0,0,0,0,0,0,0,0,0,0
Rambo,-30.0,0,1,0,0,0,0,0,0,0,0,0,0,0,0,0,0,0,0,1,1,0
Ratatouille,-30.0,0,0,0,1,0,1,0,0,1,0,0,0,0,0,0,0,0,0,0,0,0
Real Steel,-30.0,0,1,0,0,0,0,0,1,1,0,0,0,0,0,0,0,0,0,0,0,0
Red Dawn,-30.0,0,1,0,0,0,0,0,0,0,0,0,0,0,0,0,0,0,0,1,0,0
Regression,-30.0,0,0,0,0,0,0,1,1,0,0,0,0,0,0,1,0,0,0,0,0,0
Remember Me,-30.0,0,0,0,0,0,0,0,1,0,0,0,0,0,0,0,1,0,0,0,0,0
Rescue Dawn,-30.0,0,0,1,0,1,0,0,1,0,0,0,0,0,0,0,0,0,0,0,0,0
Resident Evil: Afterlife,-30.0,0,1,1,0,0,0,0,0,0,0,0,1,0,0,0,0,0,0,0,0,0
Resident Evil: Retribution,-30.0,0,1,0,0,0,0,0,0,0,0,0,1,0,0,0,0,1,0,0,0,0
Resident Evil: The Final Chapter,-30.0,0,1,0,0,0,0,0,0,0,0,0,1,0,0,0,0,1,0,0,0,0
Revolutionary Road,-30.0,0,0,0,0,0,0,0,1,0,0,0,0,0,0,0,1,0,0,0,0,0
Riddick,-30.0,0,1,0,0,0,0,0,0,0,0,0,0,0,0,0,0,1,0,1,0,0
Rio,-30.0,0,0,1,1,0,1,0,0,0,0,0,0,0,0,0,0,0,0,0,0,0
Rise of the Planet of the Apes,-30.0,0,1,0,0,0,0,0,1,0,0,0,0,0,0,0,0,1,0,0,0,0
Robin Hood,-30.0,0,1,1,0,0,0,0,1,0,0,0,0,0,0,0,0,0,0,0,0,0
RoboCop,-30.0,0,1,0,0,0,0,1,0,0,0,0,0,0,0,0,0,1,0,0,0,0
Rock Dog,-30.0,0,0,1,1,0,1,0,0,0,0,0,0,0,0,0,0,0,0,0,0,0
Rock of Ages,-30.0,0,0,0,0,0,1,0,1,0,0,0,0,0,1,0,0,0,0,0,0,0
RockNRolla,-30.0,0,1,0,0,0,0,1,0,0,0,0,0,0,0,0,0,0,0,1,0,0
Rocky Balboa,-30.0,0,0,0,0,0,0,0,1,0,0,0,0,0,0,0,0,0,1,0,0,0
Rogue One: A Star Wars Story,-30.0,0,1,1,0,0,0,0,0,0,0,0,0,0,0,0,0,1,0,0,0,0
Room,-30.0,0,0,0,0,0,0,0,1,0,0,0,0,0,0,0,0,0,0,0,0,0
Rules Don't Apply,-30.0,0,0,0,0,0,1,0,1,0,0,0,0,0,0,0,1,0,0,0,0,0
Rush,-30.0,0,1,0,0,1,0,0,1,0,0,0,0,0,0,0,0,0,0,0,0,0
Safe Haven,-30.0,0,0,0,0,0,0,0,1,0,0,0,0,0,0,0,1,0,0,1,0,0
Salt,-30.0,0,1,0,0,0,0,1,0,0,0,0,0,0,0,1,0,0,0,0,0,0
San Andreas,-30.0,0,1,1,0,0,0,0,1,0,0,0,0,0,0,0,0,0,0,0,0,0
Satanic,-30.0,0,0,0,0,0,0,0,0,0,0,0,1,0,0,0,0,0,0,0,0,0
Sausage Party,-30.0,0,0,1,1,0,1,0,0,0,0,0,0,0,0,0,0,0,0,0,0,0
Savages,-30.0,0,0,0,0,0,0,1,1,0,0,0,0,0,0,0,0,0,0,1,0,0
Saving Mr. Banks,-30.0,0,0,0,0,1,1,0,1,0,0,0,0,0,0,0,0,0,0,0,0,0
Scott Pilgrim vs. the World,-30.0,0,1,0,0,0,1,0,0,0,1,0,0,0,0,0,0,0,0,0,0,0
Scouts Guide to the Zombie Apocalypse,-30.0,0,1,0,0,0,1,0,0,0,0,0,1,0,0,0,0,0,0,0,0,0
Scream 4,-30.0,0,0,0,0,0,0,0,0,0,0,0,1,0,0,1,0,0,0,0,0,0
Search Party,-30.0,0,0,1,0,0,1,0,0,0,0,0,0,0,0,0,0,0,0,0,0,0
Secret in Their Eyes,-30.0,0,0,0,0,0,0,1,1,0,0,0,0,0,0,1,0,0,0,0,0,0
Self/Less,-30.0,0,1,0,0,0,0,0,0,0,0,0,0,0,0,1,0,1,0,0,0,0
Selma,-30.0,0,0,0,0,1,0,0,1,0,0,1,0,0,0,0,0,0,0,0,0,0
Seven Pounds,-30.0,0,0,0,0,0,0,0,1,0,0,0,0,0,0,0,1,0,0,0,0,0
Seven Psychopaths,-30.0,0,0,0,0,0,1,1,0,0,0,0,0,0,0,0,0,0,0,0,0,0
Seventh Son,-30.0,0,1,1,0,0,0,0,0,0,1,0,0,0,0,0,0,0,0,0,0,0
Sex Tape,-30.0,0,0,0,0,0,1,0,0,0,0,0,0,0,0,0,1,0,0,0,0,0
Sex and the City,-30.0,0,0,0,0,0,1,0,1,0,0,0,0,0,0,0,1,0,0,0,0,0
Sex and the City 2,-30.0,0,0,0,0,0,1,0,1,0,0,0,0,0,0,0,1,0,0,0,0,0
Shame,-30.0,0,0,0,0,0,0,0,1,0,0,0,0,0,0,0,0,0,0,0,0,0
She's Out of My League,-30.0,0,0,0,0,0,1,0,0,0,0,0,0,0,0,0,1,0,0,0,0,0
She's the Man,-30.0,0,0,0,0,0,1,0,0,0,0,0,0,0,0,0,1,0,1,0,0,0
Sherlock Holmes,-30.0,0,1,1,0,0,0,1,0,0,0,0,0,0,0,0,0,0,0,0,0,0
Sherlock Holmes: A Game of Shadows,-30.0,0,1,1,0,0,0,1,0,0,0,0,0,0,0,0,0,0,0,0,0,0
Shooter,-30.0,0,1,0,0,0,0,1,1,0,0,0,0,0,0,0,0,0,0,0,0,0
Shut In,-30.0,0,0,0,0,0,0,0,1,0,0,0,1,0,0,0,0,0,0,1,0,0
Shutter Island,-30.0,0,0,0,0,0,0,0,0,0,0,0,0,0,0,1,0,0,0,1,0,0
Sicario,-30.0,0,1,0,0,0,0,1,1,0,0,0,0,0,0,0,0,0,0,0,0,0
Silence,-30.0,0,0,1,0,0,0,0,1,0,0,1,0,0,0,0,0,0,0,0,0,0
Silent Hill,-30.0,0,0,1,0,0,0,0,0,0,0,0,1,0,0,1,0,0,0,0,0,0
Silver Linings Playbook,-30.0,0,0,0,0,0,1,0,1,0,0,0,0,0,0,0,1,0,0,0,0,0
Sin City: A Dame to Kill For,-30.0,0,1,0,0,0,0,1,0,0,0,0,0,0,0,0,0,0,0,1,0,0
Sing,-30.0,0,0,0,1,0,1,0,0,1,0,0,0,0,0,0,0,0,0,0,0,0
Sing Street,-30.0,0,0,0,0,0,1,0,1,0,0,0,0,1,0,0,0,0,0,0,0,0
Sinister,-30.0,0,0,0,0,0,0,0,0,0,0,0,1,0,0,1,0,0,0,0,0,0
Sisters,-30.0,0,0,0,0,0,1,0,0,0,0,0,0,0,0,0,0,0,0,0,0,0
Skyfall,-30.0,0,1,1,0,0,0,0,0,0,0,0,0,0,0,0,0,0,0,1,0,0
Sleeping Beauty,-30.0,0,0,0,0,0,0,0,1,0,0,0,0,0,0,0,1,0,0,0,0,0
Sleeping with Other People,-30.0,0,0,0,0,0,1,0,1,0,0,0,0,0,0,0,1,0,0,0,0,0
Sleight,-30.0,0,1,0,0,0,0,0,1,0,0,0,0,0,0,0,0,1,0,0,0,0
Slither,-30.0,0,0,0,0,0,1,0,0,0,0,0,1,0,0,0,0,1,0,0,0,0
Slumdog Millionaire,-30.0,0,0,0,0,0,0,0,1,0,0,0,0,0,0,0,0,0,0,0,0,0
Snakes on a Plane,-30.0,0,1,1,0,0,0,1,0,0,0,0,0,0,0,0,0,0,0,0,0,0
Snow White and the Huntsman,-30.0,0,1,1,0,0,0,0,1,0,0,0,0,0,0,0,0,0,0,0,0,0
Snowden,-30.0,0,0,0,0,1,0,0,1,0,0,0,0,0,0,0,0,0,0,1,0,0
Snowpiercer,-30.0,0,1,0,0,0,0,0,1,0,0,0,0,0,0,0,0,1,0,0,0,0
Source Code,-30.0,0,0,0,0,0,0,0,0,0,0,0,0,0,0,1,1,1,0,0,0,0
Southpaw,-30.0,0,0,0,0,0,0,0,1,0,0,0,0,0,0,0,0,0,1,0,0,0
Spectre,-30.0,0,1,1,0,0,0,0,0,0,0,0,0,0,0,0,0,0,0,1,0,0
Spider-Man 3,-30.0,0,1,1,0,0,0,0,0,0,0,0,0,0,0,0,0,0,0,0,0,0
Split,-30.0,0,0,0,0,0,0,0,0,0,0,0,1,0,0,0,0,0,0,1,0,0
Spotlight,-30.0,0,0,0,0,0,0,1,1,0,0,1,0,0,0,0,0,0,0,0,0,0
Spring Breakers,-30.0,0,0,0,0,0,0,0,1,0,0,0,0,0,0,0,0,0,0,0,0,0
Spy,-30.0,0,1,0,0,0,1,1,0,0,0,0,0,0,0,0,0,0,0,0,0,0
Stake Land,-30.0,0,0,0,0,0,0,0,1,0,0,0,1,0,0,0,0,1,0,0,0,0
Star Trek,-30.0,0,1,1,0,0,0,0,0,0,0,0,0,0,0,0,0,1,0,0,0,0
Star Trek Beyond,-30.0,0,1,1,0,0,0,0,0,0,0,0,0,0,0,0,0,1,0,0,0,0
Star Trek Into Darkness,-30.0,0,1,1,0,0,0,0,0,0,0,0,0,0,0,0,0,1,0,0,0,0
Star Wars: The Force Awakens,-30.0,0,1,1,0,0,0,0,0,0,1,0,0,0,0,0,0,0,0,0,0,0
Stardust,-30.0,0,0,1,0,0,0,0,0,1,1,0,0,0,0,0,0,0,0,0,0,0
Step Brothers,-30.0,0,0,0,0,0,1,0,0,0,0,0,0,0,0,0,0,0,0,0,0,0
Step Up,-30.0,0,0,0,0,0,0,1,1,0,0,0,0,1,0,0,0,0,0,0,0,0
Step Up 2: The Streets,-30.0,0,0,0,0,0,0,0,1,0,0,0,0,1,0,0,1,0,0,0,0,0
Steve Jobs,-30.0,0,0,0,0,1,0,0,1,0,0,0,0,0,0,0,0,0,0,0,0,0
Storks,-30.0,0,0,1,1,0,1,0,0,0,0,0,0,0,0,0,0,0,0,0,0,0
Straight Outta Compton,-30.0,0,0,0,0,1,0,0,1,0,0,1,0,0,0,0,0,0,0,0,0,0
Sucker Punch,-30.0,0,1,0,0,0,0,0,0,0,1,0,0,0,0,0,0,0,0,0,0,0
Suicide Squad,-30.0,0,1,1,0,0,0,0,0,0,1,0,0,0,0,0,0,0,0,0,0,0
Sully,-30.0,0,0,0,0,1,0,0,1,0,0,0,0,0,0,0,0,0,0,0,0,0
Sunshine,-30.0,0,0,1,0,0,0,0,0,0,0,0,0,0,0,0,0,1,0,1,0,0
Super,-30.0,0,0,0,0,0,1,0,1,0,0,0,0,0,0,0,0,0,0,0,0,0
Super 8,-30.0,0,0,0,0,0,0,0,0,0,0,0,0,0,0,1,0,1,0,1,0,0
Superbad,-30.0,0,0,0,0,0,1,0,0,0,0,0,0,0,0,0,0,0,0,0,0,0
Superman Returns,-30.0,0,1,1,0,0,0,0,0,0,0,0,0,0,0,0,0,1,0,0,0,0
Sweeney Todd: The Demon Barber of Fleet Street,-30.0,0,0,0,0,0,0,0,1,0,0,0,1,0,1,0,0,0,0,0,0,0
Swiss Army Man,-30.0,0,0,1,0,0,1,0,1,0,0,0,0,0,0,0,0,0,0,0,0,0
Taare Zameen Par,-30.0,0,0,0,0,0,0,0,1,1,0,0,0,1,0,0,0,0,0,0,0,0
Take Me Home Tonight,-30.0,0,0,0,0,0,1,0,1,0,0,0,0,0,0,0,1,0,0,0,0,0
Taken,-30.0,0,1,0,0,0,0,0,0,0,0,0,0,0,0,0,0,0,0,1,0,0
Taken 3,-30.0,0,1,0,0,0,0,0,0,0,0,0,0,0,0,0,0,0,0,1,0,0
Tale of Tales,-30.0,0,0,0,0,0,0,0,1,0,1,0,1,0,0,0,0,0,0,0,0,0
Talladega Nights: The Ballad of Ricky Bobby,-30.0,0,1,0,0,0,1,0,0,0,0,0,0,0,0,0,0,0,1,0,0,0
Tangled,-30.0,0,0,1,1,0,1,0,0,0,0,0,0,0,0,0,0,0,0,0,0,0
Ted,-30.0,0,0,0,0,0,1,0,0,0,1,0,0,0,0,0,0,0,0,0,0,0
Ted 2,-30.0,0,0,1,0,0,1,0,0,0,0,0,0,0,0,0,1,0,0,0,0,0
Teenage Mutant Ninja Turtles,-30.0,0,1,1,0,0,1,0,0,0,0,0,0,0,0,0,0,0,0,0,0,0
Teenage Mutant Ninja Turtles: Out of the Shadows,-30.0,0,1,1,0,0,1,0,0,0,0,0,0,0,0,0,0,0,0,0,0,0
Terminator Genisys,-30.0,0,1,1,0,0,0,0,0,0,0,0,0,0,0,0,0,1,0,0,0,0
Terminator Salvation,-30.0,0,1,1,0,0,0,0,1,0,0,0,0,0,0,0,0,0,0,0,0,0
Texas Chainsaw 3D,-30.0,0,0,0,0,0,0,0,0,0,0,0,1,0,0,0,0,0,0,1,0,0
That Awkward Moment,-30.0,0,0,0,0,0,1,0,0,0,0,0,0,0,0,0,1,0,0,0,0,0
The 5th Wave,-30.0,0,1,1,0,0,0,0,0,0,0,0,0,0,0,0,0,1,0,0,0,0
The A-Team,-30.0,0,1,1,0,0,1,0,0,0,0,0,0,0,0,0,0,0,0,0,0,0
The Accountant,-30.0,0,1,0,0,0,0,1,1,0,0,0,0,0,0,0,0,0,0,0,0,0
The Adjustment Bureau,-30.0,0,0,0,0,0,0,0,0,0,0,0,0,0,0,0,1,1,0,1,0,0
The Age of Adaline,-30.0,0,0,0,0,0,0,0,1,0,1,0,0,0,0,0,1,0,0,0,0,0
The Age of Shadows,-30.0,0,1,0,0,0,0,0,1,0,0,0,0,0,0,0,0,0,0,1,0,0
The Amazing Spider-Man,-30.0,0,1,1,0,0,0,0,0,0,0,0,0,0,0,0,0,0,0,0,0,0
The Amazing Spider-Man 2,-30.0,0,1,1,0,0,0,0,0,0,0,0,0,0,0,0,0,1,0,0,0,0
The Assassination of Jesse James by the Coward Robert Ford,-30.0,0,0,0,0,1,0,1,1,0,0,0,0,0,0,0,0,0,0,0,0,0
The Avengers,-30.0,0,1,0,0,0,0,0,0,0,0,0,0,0,0,0,0,1,0,0,0,0
The BFG,-30.0,0,0,1,0,0,0,0,0,1,1,0,0,0,0,0,0,0,0,0,0,0
The Babadook,-30.0,0,0,0,0,0,0,0,1,0,0,0,1,0,0,0,0,0,0,0,0,0
The Babysitters,-30.0,0,0,0,0,0,0,0,1,0,0,0,0,0,0,0,0,0,0,0,0,0
The Bad Batch,-30.0,0,0,0,0,0,0,0,0,0,0,0,0,0,0,0,1,1,0,0,0,0
The Belko Experiment,-30.0,0,1,0,0,0,0,0,0,0,0,0,1,0,0,0,0,0,0,1,0,0
The Best of Me,-30.0,0,0,0,0,0,0,0,1,0,0,0,0,0,0,0,1,0,0,0,0,0
The Big Short,-30.0,0,0,0,0,1,1,0,1,0,0,0,0,0,0,0,0,0,0,0,0,0
The Blackcoat's Daughter,-30.0,0,0,0,0,0,0,0,0,0,0,0,1,0,0,0,0,0,0,1,0,0
The Blind Side,-30.0,0,0,0,0,1,0,0,1,0,0,0,0,0,0,0,0,0,1,0,0,0
The Book of Eli,-30.0,0,1,1,0,0,0,0,1,0,0,0,0,0,0,0,0,0,0,0,0,0
The Book of Life,-30.0,0,0,1,1,0,1,0,0,0,0,0,0,0,0,0,0,0,0,0,0,0
The Boss,-30.0,0,0,0,0,0,1,0,0,0,0,0,0,0,0,0,0,0,0,0,0,0
The Bourne Legacy,-30.0,0,1,1,0,0,0,0,0,0,0,0,0,0,0,1,0,0,0,0,0,0
The Bourne Ultimatum,-30.0,0,1,0,0,0,0,0,0,0,0,0,0,0,0,1,0,0,0,1,0,0
The Boy,-30.0,0,0,0,0,0,0,0,0,0,0,0,1,0,0,1,0,0,0,1,0,0
The Boy Next Door,-30.0,0,0,0,0,0,0,0,0,0,0,0,0,0,0,1,0,0,0,1,0,0
The Boy in the Striped Pajamas,-30.0,0,0,0,0,0,0,0,1,0,0,0,0,0,0,0,0,0,0,0,1,0
The Break-Up,-30.0,0,0,0,0,0,1,0,1,0,0,0,0,0,0,0,1,0,0,0,0,0
The Brothers Grimsby,-30.0,0,1,1,0,0,1,0,0,0,0,0,0,0,0,0,0,0,0,0,0,0
The Butler,-30.0,0,0,0,0,1,0,0,1,0,0,0,0,0,0,0,0,0,0,0,0,0
The Cabin in the Woods,-30.0,0,0,0,0,0,0,0,0,0,0,0,1,0,0,0,0,0,0,0,0,0
The Choice,-30.0,0,0,0,0,0,0,0,1,0,0,0,0,0,0,0,1,0,0,0,0,0
The Comedian,-30.0,0,0,0,0,0,1,0,0,0,0,0,0,0,0,0,0,0,0,0,0,0
The Conjuring,-30.0,0,0,0,0,0,0,0,0,0,0,0,1,0,0,1,0,0,0,1,0,0
The Conjuring 2,-30.0,0,0,0,0,0,0,0,0,0,0,0,1,0,0,1,0,0,0,1,0,0
The Counselor,-30.0,0,0,0,0,0,0,1,1,0,0,0,0,0,0,0,0,0,0,1,0,0
The Curious Case of Benjamin Button,-30.0,0,0,0,0,0,0,0,1,0,1,0,0,0,0,0,1,0,0,0,0,0
The DUFF,-30.0,0,0,0,0,0,1,0,0,0,0,0,0,0,0,0,0,0,0,0,0,0
The Da Vinci Code,-30.0,0,0,0,0,0,0,0,0,0,0,0,0,0,0,1,0,0,0,1,0,0
The Danish Girl,-30.0,0,0,0,0,1,0,0,1,0,0,0,0,0,0,0,1,0,0,0,0,0
The Dark Knight,-30.0,0,1,0,0,0,0,1,1,0,0,0,0,0,0,0,0,0,0,0,0,0
The Dark Knight Rises,-30.0,0,1,0,0,0,0,0,0,0,0,0,0,0,0,0,0,0,0,1,0,0
The Departed,-30.0,0,0,0,0,0,0,1,1,0,0,0,0,0,0,0,0,0,0,1,0,0
The Descendants,-30.0,0,0,0,0,0,1,0,1,0,0,0,0,0,0,0,0,0,0,0,0,0
The Devil Wears Prada,-30.0,0,0,0,0,0,1,0,1,0,0,0,0,0,0,0,0,0,0,0,0,0
The Dictator,-30.0,0,0,0,0,0,1,0,0,0,0,0,0,0,0,0,0,0,0,0,0,0
The Disappointments Room,-30.0,0,0,0,0,0,0,0,1,0,0,0,1,0,0,0,0,0,0,1,0,0
The Divergent Series: Insurgent,-30.0,0,0,1,0,0,0,0,0,0,0,0,0,0,0,0,0,1,0,1,0,0
The Dressmaker,-30.0,0,0,0,0,0,1,0,1,0,0,0,0,0,0,0,0,0,0,0,0,0
The Drop,-30.0,0,0,0,0,0,0,1,1,0,0,0,0,0,0,1,0,0,0,0,0,0
The Edge of Seventeen,-30.0,0,0,0,0,0,1,0,1,0,0,0,0,0,0,0,0,0,0,0,0,0
The Equalizer,-30.0,0,1,0,0,0,0,1,0,0,0,0,0,0,0,0,0,0,0,1,0,0
The Exception,-30.0,0,0,0,0,0,0,0,1,0,0,0,0,0,0,0,0,0,0,0,0,0
The Expendables,-30.0,0,1,1,0,0,0,0,0,0,0,0,0,0,0,0,0,0,0,1,0,0
The Expendables 2,-30.0,0,1,1,0,0,0,0,0,0,0,0,0,0,0,0,0,0,0,1,0,0
The Expendables 3,-30.0,0,1,1,0,0,0,0,0,0,0,0,0,0,0,0,0,0,0,1,0,0
The Family,-30.0,0,0,0,0,0,1,1,0,0,0,0,0,0,0,0,0,0,0,1,0,0
The Fast and the Furious:Tokyo Drift,-30.0,0,1,0,0,0,0,1,0,0,0,0,0,0,0,0,0,0,0,1,0,0
The Fault in our Stars,-30.0,0,0,0,0,0,0,0,1,0,0,0,0,0,0,0,1,0,0,0,0,0
The Fighter,-30.0,0,1,0,0,1,0,0,1,0,0,0,0,0,0,0,0,0,0,0,0,0
The Finest Hours,-30.0,0,1,0,0,0,0,0,1,0,0,1,0,0,0,0,0,0,0,0,0,0
The First Time,-30.0,0,0,0,0,0,1,0,1,0,0,0,0,0,0,0,1,0,0,0,0,0
The Founder,-30.0,0,0,0,0,1,0,0,1,0,0,1,0,0,0,0,0,0,0,0,0,0
The Fountain,-30.0,0,0,0,0,0,0,0,1,0,0,0,0,0,0,0,0,1,0,0,0,0
The Gambler,-30.0,0,0,0,0,0,0,1,1,0,0,0,0,0,0,0,0,0,0,1,0,0
The Ghost Writer,-30.0,0,0,0,0,0,0,0,0,0,0,0,0,0,0,1,0,0,0,1,0,0
The Gift,-30.0,0,0,0,0,0,0,0,0,0,0,0,0,0,0,1,0,0,0,1,0,0
The Girl Next Door,-30.0,0,0,0,0,0,0,1,1,0,0,0,1,0,0,0,0,0,0,0,0,0
The Girl on the Train,-30.0,0,0,0,0,0,0,1,1,0,0,0,0,0,0,1,0,0,0,0,0,0
The Girl with the Dragon Tattoo,-30.0,0,0,0,0,0,0,1,1,0,0,0,0,0,0,1,0,0,0,0,0,0
The Giver,-30.0,0,0,0,0,0,0,0,1,0,0,0,0,0,0,0,1,1,0,0,0,0
The Golden Compass,-30.0,0,0,1,0,0,0,0,0,1,1,0,0,0,0,0,0,0,0,0,0,0
The Grand Budapest Hotel,-30.0,0,0,1,0,0,1,0,1,0,0,0,0,0,0,0,0,0,0,0,0,0
The Great Gatsby,-30.0,0,0,0,0,0,0,0,1,0,0,0,0,0,0,0,1,0,0,0,0,0
The Great Wall,-30.0,0,1,1,0,0,0,0,0,0,1,0,0,0,0,0,0,0,0,0,0,0
The Green Inferno,-30.0,0,0,1,0,0,0,0,0,0,0,0,1,0,0,0,0,0,0,0,0,0
The Guest,-30.0,0,0,0,0,0,0,0,0,0,0,0,0,0,0,0,0,0,0,1,0,0
The Gunman,-30.0,0,1,0,0,0,0,1,1,0,0,0,0,0,0,0,0,0,0,0,0,0
The Hangover,-30.0,0,0,0,0,0,1,0,0,0,0,0,0,0,0,0,0,0,0,0,0,0
The Happening,-30.0,0,0,0,0,0,0,0,0,0,0,0,0,0,0,0,0,1,0,1,0,0
The Hateful Eight,-30.0,0,0,0,0,0,0,1,1,0,0,0,0,0,0,1,0,0,0,0,0,0
The Heartbreak Kid,-30.0,0,0,0,0,0,1,0,0,0,0,0,0,0,0,0,1,0,0,0,0,0
The Heat,-30.0,0,1,0,0,0,1,1,0,0,0,0,0,0,0,0,0,0,0,0,0,0
The Help,-30.0,0,0,0,0,0,0,0,1,0,0,0,0,0,0,0,0,0,0,0,0,0
The Hills Have Eyes,-30.0,0,0,0,0,0,0,0,0,0,0,0,1,0,0,0,0,0,0,0,0,0
The Hobbit: An Unexpected Journey,-30.0,0,0,1,0,0,0,0,0,0,1,0,0,0,0,0,0,0,0,0,0,0
The Hobbit: The Battle of the Five Armies,-30.0,0,0,1,0,0,0,0,0,0,1,0,0,0,0,0,0,0,0,0,0,0
The Hobbit: The Desolation of Smaug,-30.0,0,0,1,0,0,0,0,0,0,1,0,0,0,0,0,0,0,0,0,0,0
The Hollars,-30.0,0,0,0,0,0,1,0,1,0,0,0,0,0,0,0,1,0,0,0,0,0
The Host,-30.0,0,1,1,0,0,0,0,0,0,0,0,0,0,0,0,1,0,0,0,0,0
The House Bunny,-30.0,0,0,0,0,0,1,0,0,0,0,0,0,0,0,0,1,0,0,0,0,0
The Human Centipede (First Sequence),-30.0,0,0,0,0,0,0,0,0,0,0,0,1,0,0,0,0,0,0,0,0,0
The Hunger Games,-30.0,0,0,1,0,0,0,0,0,0,0,0,0,0,0,0,0,1,0,1,0,0
The Hunger Games: Catching Fire,-30.0,0,1,1,0,0,0,0,0,0,0,0,0,0,0,1,0,0,0,0,0,0
The Hunger Games: Mockingjay - Part 1,-30.0,0,1,1,0,0,0,0,0,0,0,0,0,0,0,0,0,1,0,0,0,0
"The Hunger Games: Mockingjay - Part 2
Mockingjay - Part 2",-30.0,0,1,1,0,0,0,0,0,0,0,0,0,0,0,0,0,1,0,0,0,0
The Huntsman: Winter's War,-30.0,0,1,1,0,0,0,0,1,0,0,0,0,0,0,0,0,0,0,0,0,0
The Hurt Locker,-30.0,0,0,0,0,0,0,0,1,0,0,1,0,0,0,0,0,0,0,1,0,0
The Illusionist,-30.0,0,0,0,0,0,0,0,1,0,0,0,0,0,0,1,1,0,0,0,0,0
The Imaginarium of Doctor Parnassus,-30.0,0,0,1,0,0,0,0,0,0,1,0,0,0,0,1,0,0,0,0,0,0
The Imitation Game,-30.0,0,0,0,0,1,0,0,1,0,0,0,0,0,0,0,0,0,0,1,0,0
The Incredible Hulk,-30.0,0,1,1,0,0,0,0,0,0,0,0,0,0,0,0,0,1,0,0,0,0
The Infiltrator,-30.0,0,0,0,0,1,0,1,1,0,0,0,0,0,0,0,0,0,0,0,0,0
The Intern,-30.0,0,0,0,0,0,1,0,1,0,0,0,0,0,0,0,0,0,0,0,0,0
The Internship,-30.0,0,0,0,0,0,1,0,0,0,0,0,0,0,0,0,0,0,0,0,0,0
The Interview,-30.0,0,0,0,0,0,1,0,0,0,0,0,0,0,0,0,0,0,0,0,0,0
The Intouchables,-30.0,0,0,0,0,1,1,0,1,0,0,0,0,0,0,0,0,0,0,0,0,0
The Invitation,-30.0,0,0,0,0,0,0,0,1,0,0,0,0,0,0,1,0,0,0,1,0,0
The Judge,-30.0,0,0,0,0,0,0,1,1,0,0,0,0,0,0,0,0,0,0,0,0,0
The Jungle Book,-30.0,0,0,1,0,0,0,0,1,1,0,0,0,0,0,0,0,0,0,0,0,0
The Karate Kid,-30.0,0,1,0,0,0,0,0,1,1,0,0,0,0,0,0,0,0,0,0,0,0
The King's Speech,-30.0,0,0,0,0,1,0,0,1,0,0,0,0,0,0,0,0,0,0,0,0,0
The Kings of Summer,-30.0,0,0,1,0,0,1,0,1,0,0,0,0,0,0,0,0,0,0,0,0,0
The Last Airbender,-30.0,0,1,1,0,0,0,0,0,1,0,0,0,0,0,0,0,0,0,0,0,0
The Last Witch Hunter,-30.0,0,1,1,0,0,0,0,0,0,1,0,0,0,0,0,0,0,0,0,0,0
The Legend of Tarzan,-30.0,0,1,1,0,0,0,0,1,0,0,0,0,0,0,0,0,0,0,0,0,0
The Lego Movie,-30.0,0,1,1,1,0,0,0,0,0,0,0,0,0,0,0,0,0,0,0,0,0
The Levelling,-30.0,0,0,0,0,0,0,0,1,0,0,0,0,0,0,0,0,0,0,0,0,0
The Light Between Oceans,-30.0,0,0,0,0,0,0,0,1,0,0,0,0,0,0,0,1,0,0,0,0,0
The Lives of Others,-30.0,0,0,0,0,0,0,0,1,0,0,0,0,0,0,0,0,0,0,1,0,0
The Lobster,-30.0,0,0,0,0,0,1,0,1,0,0,0,0,0,0,0,1,0,0,0,0,0
The Loft,-30.0,0,0,0,0,0,0,0,0,0,0,0,0,0,0,1,1,0,0,1,0,0
The Lone Ranger,-30.0,0,1,1,0,0,0,0,0,0,0,0,0,0,0,0,0,0,0,0,0,1
The Longest Ride,-30.0,0,0,0,0,0,0,0,1,0,0,0,0,0,0,0,1,0,0,0,0,0
The Lost City of Z ,-30.0,0,1,1,0,1,0,0,0,0,0,0,0,0,0,0,0,0,0,0,0,0
The Love Witch,-30.0,0,0,0,0,0,1,0,0,0,0,0,1,0,0,0,0,0,0,0,0,0
The Lovely Bones,-30.0,0,0,0,0,0,0,0,1,0,1,0,0,0,0,0,0,0,0,1,0,0
The Lucky One,-30.0,0,0,0,0,0,0,0,1,0,0,0,0,0,0,0,1,0,0,0,0,0
The Magnificent Seven,-30.0,0,1,1,0,0,0,0,0,0,0,0,0,0,0,0,0,0,0,0,0,1
The Man From U.N.C.L.E.,-30.0,0,1,1,0,0,1,0,0,0,0,0,0,0,0,0,0,0,0,0,0,0
The Man Who Knew Infinity,-30.0,0,0,0,0,1,0,0,1,0,0,0,0,0,0,0,0,0,0,0,0,0
The Martian,-30.0,0,0,1,0,0,0,0,1,0,0,0,0,0,0,0,0,1,0,0,0,0
The Master,-30.0,0,0,0,0,0,0,0,1,0,0,0,0,0,0,0,0,0,0,0,0,0
The Maze Runner,-30.0,0,1,0,0,0,0,0,0,0,0,0,0,0,0,1,0,1,0,0,0,0
The Mist,-30.0,0,0,0,0,0,0,0,0,0,0,0,1,0,0,0,0,0,0,0,0,0
The Mortal Instruments: City of Bones,-30.0,0,1,0,0,0,0,0,0,0,1,0,1,0,0,0,0,0,0,0,0,0
The Mummy: Tomb of the Dragon Emperor,-30.0,0,1,1,0,0,0,0,0,0,1,0,0,0,0,0,0,0,0,0,0,0
The Neon Demon,-30.0,0,0,0,0,0,0,0,0,0,0,0,1,0,0,0,0,0,0,1,0,0
The Nice Guys,-30.0,0,1,0,0,0,1,1,0,0,0,0,0,0,0,0,0,0,0,0,0,0
The Other Boleyn Girl,-30.0,0,0,0,0,1,0,0,1,0,0,1,0,0,0,0,0,0,0,0,0,0
The Other Guys,-30.0,0,1,0,0,0,1,1,0,0,0,0,0,0,0,0,0,0,0,0,0,0
The Other Woman,-30.0,0,0,0,0,0,1,0,0,0,0,0,0,0,0,0,1,0,0,0,0,0
The Perks of Being a Wallflower,-30.0,0,0,0,0,0,0,0,1,0,0,0,0,0,0,0,1,0,0,0,0,0
The Place Beyond the Pines,-30.0,0,0,0,0,0,0,1,1,0,0,0,0,0,0,0,0,0,0,1,0,0
The Prestige,-30.0,0,0,0,0,0,0,0,1,0,0,0,0,0,0,1,0,1,0,0,0,0
The Princess and the Frog,-30.0,0,0,1,1,0,1,0,0,0,0,0,0,0,0,0,0,0,0,0,0,0
The Proposal,-30.0,0,0,0,0,0,1,0,1,0,0,0,0,0,0,0,1,0,0,0,0,0
The Purge,-30.0,0,0,0,0,0,0,0,0,0,0,0,1,0,0,0,0,1,0,1,0,0
The Purge: Election Year,-30.0,0,1,0,0,0,0,0,0,0,0,0,1,0,0,0,0,1,0,0,0,0
The Pursuit of Happyness,-30.0,0,0,0,0,1,0,0,1,0,0,0,0,0,0,0,0,0,0,0,0,0
The Revenant,-30.0,0,0,1,0,0,0,0,1,0,0,0,0,0,0,0,0,0,0,1,0,0
The Road,-30.0,1,0,1,0,0,0,0,0,0,0,0,0,0,0,0,0,0,0,0,0,0
The Sea of Trees,-30.0,0,0,0,0,0,0,0,1,0,0,0,0,0,0,0,0,0,0,0,0,0
The Secret Life of Pets,-30.0,0,0,1,1,0,1,0,0,0,0,0,0,0,0,0,0,0,0,0,0,0
The Secret Life of Walter Mitty,-30.0,0,0,1,0,0,1,0,1,0,0,0,0,0,0,0,0,0,0,0,0,0
The Shallows,-30.0,0,0,0,0,0,0,0,1,0,0,0,1,0,0,0,0,0,0,1,0,0
The Skin I Live In,-30.0,0,0,0,0,0,0,0,1,0,0,0,0,0,0,0,0,0,0,1,0,0
The Social Network,-30.0,0,0,0,0,1,0,0,1,0,0,0,0,0,0,0,0,0,0,0,0,0
The Spectacular Now,-30.0,0,0,0,0,0,1,0,1,0,0,0,0,0,0,0,1,0,0,0,0,0
The Stanford Prison Experiment,-30.0,0,0,0,0,1,0,0,1,0,0,1,0,0,0,0,0,0,0,0,0,0
The Strangers,-30.0,0,0,0,0,0,0,0,0,0,0,0,1,0,0,1,0,0,0,1,0,0
The Theory of Everything,-30.0,0,0,0,0,1,0,0,1,0,0,0,0,0,0,0,1,0,0,0,0,0
The Three Musketeers,-30.0,0,1,1,0,0,0,0,0,0,0,0,0,0,0,0,1,0,0,0,0,0
The Town,-30.0,0,0,0,0,0,0,1,1,0,0,0,0,0,0,0,0,0,0,1,0,0
The Tree of Life,-30.0,0,0,0,0,0,0,0,1,0,1,0,0,0,0,0,0,0,0,0,0,0
The Twilight Saga: Breaking Dawn - Part 1,-30.0,0,0,1,0,0,0,0,1,0,1,0,0,0,0,0,0,0,0,0,0,0
The Twilight Saga: Eclipse,-30.0,0,0,1,0,0,0,0,1,0,1,0,0,0,0,0,0,0,0,0,0,0
The Twilight Saga:Breaking Dawn Part - 2,-30.0,0,0,1,0,0,0,0,1,0,1,0,0,0,0,0,0,0,0,0,0,0
The Ugly Truth,-30.0,0,0,0,0,0,1,0,0,0,0,0,0,0,0,0,1,0,0,0,0,0
The Visit,-30.0,0,0,0,0,0,1,0,0,0,0,0,1,0,0,0,0,0,0,1,0,0
The Walk,-30.0,0,0,1,0,1,0,1,0,0,0,0,0,0,0,0,0,0,0,0,0,0
The Wolf of Wall Street,-30.0,0,0,0,0,1,1,1,0,0,0,0,0,0,0,0,0,0,0,0,0,0
The Wolverine,-30.0,0,1,1,0,0,0,0,0,0,0,0,0,0,0,0,0,1,0,0,0,0
The World's End,-30.0,0,1,0,0,0,1,0,0,0,0,0,0,0,0,0,0,1,0,0,0,0
Their Finest,-30.0,0,0,0,0,0,1,0,1,0,0,0,0,0,0,0,1,0,0,0,0,0
There Will Be Blood,-30.0,0,0,0,0,0,0,0,1,0,0,1,0,0,0,0,0,0,0,0,0,0
This Is 40,-30.0,0,0,0,0,0,1,0,0,0,0,0,0,0,0,0,1,0,0,0,0,0
This Means War,-30.0,0,1,0,0,0,1,0,0,0,0,0,0,0,0,0,1,0,0,0,0,0
This is the End,-30.0,0,0,0,0,0,1,0,0,0,1,0,0,0,0,0,0,0,0,0,0,0
Thor,-30.0,0,1,1,0,0,0,0,0,0,1,0,0,0,0,0,0,0,0,0,0,0
Tinker Tailor Soldier Spy,-30.0,0,0,0,0,0,0,0,1,0,0,0,0,0,0,1,0,0,0,1,0,0
To Rome with Love,-30.0,0,0,0,0,0,1,0,0,0,0,0,0,0,0,0,1,0,0,0,0,0
Tomorrowland,-30.0,0,1,1,0,0,0,0,0,1,0,0,0,0,0,0,0,0,0,0,0,0
Toni Erdmann,-30.0,0,0,0,0,0,1,0,1,0,0,0,0,0,0,0,0,0,0,0,0,0
Total Recall,-30.0,0,1,1,0,0,0,0,0,0,0,0,0,0,0,1,0,0,0,0,0,0
Toy Story 3,-30.0,0,0,1,1,0,1,0,0,0,0,0,0,0,0,0,0,0,0,0,0,0
Trainwreck,-30.0,0,0,0,0,0,1,0,1,0,0,0,0,0,0,0,1,0,0,0,0,0
Trance,-30.0,0,0,0,0,0,0,1,1,0,0,0,0,0,0,1,0,0,0,0,0,0
Transcendence,-30.0,0,0,0,0,0,0,0,1,0,0,0,0,0,0,1,1,0,0,0,0,0
Transformers,-30.0,0,1,1,0,0,0,0,0,0,0,0,0,0,0,0,0,1,0,0,0,0
Transformers: Age of Extinction,-30.0,0,1,1,0,0,0,0,0,0,0,0,0,0,0,0,0,1,0,0,0,0
Transformers: Dark of the Moon,-30.0,0,1,1,0,0,0,0,0,0,0,0,0,0,0,0,0,1,0,0,0,0
Transformers: Revenge of the Fallen,-30.0,0,1,1,0,0,0,0,0,0,0,0,0,0,0,0,0,1,0,0,0,0
Triple 9,-30.0,0,1,0,0,0,0,1,1,0,0,0,0,0,0,0,0,0,0,0,0,0
Trolls,-30.0,0,0,1,1,0,1,0,0,0,0,0,0,0,0,0,0,0,0,0,0,0
Tron Legacy,-30.0,0,1,1,0,0,0,0,0,0,0,0,0,0,0,0,0,1,0,0,0,0
Tropic Thunder,-30.0,0,1,0,0,0,1,0,0,0,0,0,0,0,0,0,0,0,0,0,0,0
True Grit,-30.0,0,0,1,0,0,0,0,1,0,0,0,0,0,0,0,0,0,0,0,0,1
Trust,-30.0,0,0,0,0,0,0,1,1,0,0,0,0,0,0,0,0,0,0,1,0,0
Turbo Kid,-30.0,0,1,1,0,0,1,0,0,0,0,0,0,0,0,0,0,0,0,0,0,0
Tusk,-30.0,0,0,0,0,0,1,0,1,0,0,0,1,0,0,0,0,0,0,0,0,0
Twilight,-30.0,0,0,0,0,0,0,0,1,0,1,0,0,0,0,0,1,0,0,0,0,0
Unbroken,-30.0,0,0,0,0,1,0,0,1,0,0,0,0,0,0,0,0,0,1,0,0,0
Under the Skin,-30.0,0,0,0,0,0,0,0,1,0,0,0,1,0,0,0,0,1,0,0,0,0
Underworld Awakening,-30.0,0,1,0,0,0,0,0,0,0,1,0,1,0,0,0,0,0,0,0,0,0
Underworld: Blood Wars,-30.0,0,1,1,0,0,0,0,0,0,1,0,0,0,0,0,0,0,0,0,0,0
Underworld: Rise of the Lycans,-30.0,0,1,1,0,0,0,0,0,0,1,0,0,0,0,0,0,0,0,0,0,0
Unfriended,-30.0,0,0,0,0,0,0,0,1,0,0,0,1,0,0,1,0,0,0,0,0,0
Unknown,-30.0,0,1,0,0,0,0,0,0,0,0,0,0,0,0,1,0,0,0,1,0,0
Unstoppable,-30.0,0,1,0,0,0,0,0,0,0,0,0,0,0,0,0,0,0,0,1,0,0
Up,-30.0,0,0,1,1,0,1,0,0,0,0,0,0,0,0,0,0,0,0,0,0,0
Up in the Air,-30.0,0,0,0,0,0,0,0,1,0,0,0,0,0,0,0,1,0,0,0,0,0
Vacation,-30.0,0,0,1,0,0,1,0,0,0,0,0,0,0,0,0,0,0,0,0,0,0
Vampire Academy,-30.0,0,1,0,0,0,1,0,0,0,1,0,0,0,0,0,0,0,0,0,0,0
Vicky Cristina Barcelona,-30.0,0,0,0,0,0,0,0,1,0,0,0,0,0,0,0,1,0,0,0,0,0
Victor Frankenstein,-30.0,0,0,0,0,0,0,0,1,0,0,0,1,0,0,0,0,1,0,0,0,0
Wakefield,-30.0,0,0,0,0,0,0,0,1,0,0,0,0,0,0,0,0,0,0,0,0,0
Wanted,-30.0,0,1,0,0,0,0,1,0,0,1,0,0,0,0,0,0,0,0,0,0,0
War Dogs,-30.0,0,0,0,0,0,1,1,1,0,0,0,0,0,0,0,0,0,0,0,0,0
Warcraft,-30.0,0,1,1,0,0,0,0,0,0,1,0,0,0,0,0,0,0,0,0,0,0
Warm Bodies,-30.0,0,0,0,0,0,1,0,0,0,0,0,1,0,0,0,1,0,0,0,0,0
Warrior,-30.0,0,1,0,0,0,0,0,1,0,0,0,0,0,0,0,0,0,1,0,0,0
Watchmen,-30.0,0,1,0,0,0,0,0,1,0,0,0,0,0,0,1,0,0,0,0,0,0
We Are Your Friends,-30.0,0,0,0,0,0,0,0,1,0,0,0,0,1,0,0,1,0,0,0,0,0
We Need to Talk About Kevin,-30.0,0,0,0,0,0,0,0,1,0,0,0,0,0,0,1,0,0,0,1,0,0
We're the Millers,-30.0,0,0,0,0,0,1,1,0,0,0,0,0,0,0,0,0,0,0,0,0,0
What If,-30.0,0,0,0,0,0,1,0,0,0,0,0,0,0,0,0,1,0,0,0,0,0
What We Do in the Shadows,-30.0,0,0,0,0,0,1,0,0,0,1,0,1,0,0,0,0,0,0,0,0,0
What to Expect When You're Expecting,-30.0,0,0,0,0,0,1,0,1,0,0,0,0,0,0,0,1,0,0,0,0,0
What's Your Number?,-30.0,0,0,0,0,0,1,0,0,0,0,0,0,0,0,0,1,0,0,0,0,0
Whiplash,-30.0,0,0,0,0,0,0,0,1,0,0,0,0,1,0,0,0,0,0,0,0,0
Whiskey Tango Foxtrot,-30.0,0,0,0,0,1,1,0,1,0,0,0,0,0,0,0,0,0,0,0,0,0
Whisky Galore,-30.0,0,0,0,0,0,1,0,0,0,0,0,0,0,0,0,1,0,0,0,0,0
White House Down,-30.0,0,1,0,0,0,0,0,1,0,0,0,0,0,0,0,0,0,0,1,0,0
Why Him?,-30.0,0,0,0,0,0,1,0,0,0,0,0,0,0,0,0,0,0,0,0,0,0
Wild,-30.0,0,0,1,0,1,0,0,1,0,0,0,0,0,0,0,0,0,0,0,0,0
Winter's Bone,-30.0,0,0,0,0,0,0,0,1,0,0,0,0,0,0,0,0,0,0,0,0,0
Woman in Gold,-30.0,0,0,0,0,1,0,0,1,0,0,1,0,0,0,0,0,0,0,0,0,0
World War Z,-30.0,0,1,1,0,0,0,0,0,0,0,0,1,0,0,0,0,0,0,0,0,0
Wrath of the Titans,-30.0,0,1,1,0,0,0,0,0,0,1,0,0,0,0,0,0,0,0,0,0,0
Wreck-It Ralph,-30.0,0,0,1,1,0,1,0,0,0,0,0,0,0,0,0,0,0,0,0,0,0
X-Men Origins: Wolverine,-30.0,0,1,1,0,0,0,0,0,0,0,0,0,0,0,0,0,1,0,0,0,0
X-Men: Apocalypse,-30.0,0,1,1,0,0,0,0,0,0,0,0,0,0,0,0,0,1,0,0,0,0
X-Men: Days of Future Past,-30.0,0,1,1,0,0,0,0,0,0,0,0,0,0,0,0,0,1,0,0,0,0
X-Men: The Last Stand,-30.0,0,1,1,0,0,0,0,0,0,1,0,0,0,0,0,0,0,0,0,0,0
X: First Class,-30.0,0,1,1,0,0,0,0,0,0,0,0,0,0,0,0,0,1,0,0,0,0
You Don't Mess with the Zohan,-30.0,0,1,0,0,0,1,0,0,0,0,0,0,0,0,0,0,0,0,0,0,0
Your Highness,-30.0,0,0,1,0,0,1,0,0,0,1,0,0,0,0,0,0,0,0,0,0,0
Youth,-30.0,0,0,0,0,0,1,0,1,0,0,0,0,1,0,0,0,0,0,0,0,0
Zack and Miri Make a Porno,-30.0,0,0,0,0,0,1,0,0,0,0,0,0,0,0,0,1,0,0,0,0,0
Zero Dark Thirty,-30.0,0,0,0,0,0,0,0,1,0,0,1,0,0,0,0,0,0,0,1,0,0
Zodiac,-30.0,0,0,0,0,0,0,1,1,0,0,1,0,0,0,0,0,0,0,0,0,0
Zombieland,-30.0,0,0,1,0,0,1,0,0,0,0,0,1,0,0,0,0,0,0,0,0,0
Zoolander 2,-30.0,0,0,0,0,0,1,0,0,0,0,0,0,0,0,0,0,0,0,0,0,0
Zootopia,-30.0,0,0,1,1,0,1,0,0,0,0,0,0,0,0,0,0,0,0,0,0,0
